Country,1950,1951,1952,1953,1954,1955,1956,1957,1958,1959,1960,1961,1962,1963,1964,1965,1966,1967,1968,1969,1970,1971,1972,1973,1974,1975,1976,1977,1978,1979,1980,1981,1982,1983,1984,1985,1986,1987,1988,1989,1990,1991,1992,1993,1994,1995,1996,1997,1998,1999,2000,2001,2002,2003,2004,2005,2006,2007,2008,2009,2010,2011,2012,2013,2014,2015,2016,2017
Albania,464,474,483,493,503,513,523,534,544,555,566,580,594,608,623,638,653,669,685,701,718,740,762,785,809,833,858,884,911,939,967,1001,1048,1079,1102,1119,1156,1190,1211,1233,1238,1210,944,901,1001,981,962,955,935,918,921,921,920,926,931,932,935,939,902,910,904,948,959,917,925,973,1043,1056
Algeria,1700,1717,1733,1750,1767,1784,1801,1819,1837,1854,1872,1885,1898,1911,1924,1937,1950,1963,1976,1990,2003,2074,2086,2088,2154,2293,2423,2417,2876,3121,3253,3380,3594,3758,3887,4018,4149,4280,4425,4570,4695,4852,4968,5042,5154,5436,5625,5815,5993,6077,6240,6597,6900,6684,7798,8044,8869,8594,9145,9472,9735,9599,10170,10788,10239,10594,10737,10880
Angola,2200,2230,2259,2289,2320,2351,2382,2414,2446,2478,2511,2542,2573,2604,2635,2667,2700,2732,2766,2799,2833,2872,2912,2952,2993,3034,3076,3118,3161,3205,3249,3298,3348,3398,3449,3501,3553,3607,3661,3716,3772,3874,4015,4206,4334,4461,4570,4689,4816,4962,5121,5276,5425,5622,5804,5971,6125,6282,6479,6733,6991,7231,7488,7759,8054,8356,8649,8945
Argentina,7000,7110,7223,7337,7453,7570,7672,7776,7881,7987,8095,8198,8302,8407,8514,8622,8728,8835,8943,9053,9164,9251,9340,9429,9772,9835,9842,10109,10201,10379,10410,10434,10599,10926,11181,11262,11595,11836,12070,12176,12510,12905,13114,13023,13527,12932,13177,14185,14761,14901,14924,14588,13776,14471,15516,16273,17144,17703,18026,18118,18488,18957,19357,19523,19815,20222,20488,20756
Armenia,482,499,516,534,553,572,592,612,633,656,678,700,723,746,771,796,822,848,876,904,934,970,1008,1048,1089,1131,1176,1222,1270,1320,1371,1403,1436,1470,1504,1540,1561,1575,1606,1584,1622,1663,1570,1536,1480,1469,1428,1365,1331,1292,1272,1259,1101,1102,1076,1092,1087,1096,1112,1084,1179,1169,1167,1159,1134,1073,1081,1086
Australia,3346,3400,3455,3512,3569,3627,3686,3734,3767,3813,3932,3943,4038,4153,4302,4432,4592,4736,4852,4987,5176,5298,5426,5543,5570,5591,5664,5715,5755,5886,6036,6083,6010,6050,6290,6508,6675,6844,7085,7384,7495,7401,7321,7368,7572,7824,7973,8053,8169,8336,8539,8725,8929,9128,9319,9583,9885,10193,10452,10596,10776,10999,11159,11266,11397,11614,11801,12076
Austria,3354,3352,3350,3348,3346,3344,3341,3374,3383,3398,3427,3446,3430,3406,3401,3378,3350,3295,3252,3246,3253,3288,3313,3359,3403,3377,3389,3427,3441,3458,3486,3464,3425,3415,3411,3418,3420,3434,3446,3490,3561,3605,3621,3602,3601,3589,3602,3629,3666,3721,3756,3783,3780,3805,3828,3874,3941,4014,4090,4073,4102,4166,4210,4224,4263,4291,4348,4382
Azerbaijan,1412,1449,1486,1524,1563,1603,1644,1686,1730,1774,1819,1848,1878,1908,1938,1969,2000,2032,2064,2097,2131,2221,2314,2412,2514,2620,2731,2846,2966,3092,3222,3307,3394,3483,3575,3669,3742,3853,3868,3917,3907,3938,3927,3919,3831,3812,3890,3898,3905,3907,3909,3920,3932,3953,4019,4062,4111,4162,4216,4272,4329,4375,4445,4521,4603,4672,4697,4730
Bahrain,33,34,35,36,37,38,39,40,41,42,43,44,46,47,48,50,51,53,54,56,57,60,65,70,77,83,92,102,112,121,131,138,144,149,155,161,168,177,186,195,204,212,215,220,225,230,234,238,241,265,276,291,325,352,401,471,491,527,652,671,703,722,735,737,736,741,749,760
Bangladesh,17543,17727,17914,18102,18292,18485,18679,18875,19074,19274,19477,19698,19921,20147,20375,20606,20840,21076,21315,21557,21801,21628,21422,21226,22198,21500,22569,22316,23192,25297,25862,26339,26947,27668,28435,29548,31258,31945,33057,33397,35165,36753,37102,38208,39341,40486,41615,42457,43283,44107,44895,46161,47540,48927,49534,50057,50400,51832,53300,54781,56301,57192,58515,59851,61014,62368,63671,64981
Barbados,79,78,78,77,77,76,76,75,75,74,74,74,74,74,74,74,74,74,74,74,74,75,77,79,80,82,88,87,87,98,99,100,97,96,93,92,96,98,100,107,105,101,96,95,106,110,116,118,122,125,129,131,129,130,132,134,131,133,132,128,127,128,125,126,125,128,128,128
Belarus,3771,3783,3795,3807,3820,3832,3844,3856,3868,3881,3893,3914,3934,3955,3976,3997,4018,4039,4061,4082,4104,4199,4290,4366,4448,4505,4552,4623,4702,4767,4826,4866,5039,5062,5092,5112,5136,5144,5174,5200,5151,5023,4891,4828,4701,4410,4365,4370,4417,4442,4444,4422,4387,4347,4326,4414,4470,4518,4611,4644,4703,4691,4612,4578,4551,4496,4452,4404
Belgium,3375,3388,3401,3414,3427,3440,3454,3478,3441,3412,3491,3517,3571,3597,3648,3662,3675,3659,3655,3717,3720,3746,3738,3772,3828,3773,3752,3737,3740,3775,3770,3700,3652,3604,3603,3620,3643,3670,3741,3799,3840,3853,3848,3823,3807,3868,3878,3905,3973,4028,4109,4165,4157,4154,4195,4255,4303,4374,4453,4446,4474,4535,4555,4540,4559,4601,4661,4702
Bolivia,1450,1435,1421,1407,1393,1380,1362,1344,1327,1310,1293,1311,1329,1348,1366,1386,1406,1426,1446,1467,1488,1522,1556,1591,1627,1665,1699,1733,1768,1804,1842,1887,1888,1930,2014,2094,2133,2196,2159,2271,2417,2531,2620,2690,2852,2932,3024,3106,3153,3221,3327,3388,3479,3561,3787,3827,3943,4072,4237,4305,4508,4757,4909,5013,5118,5234,5341,5454
Brazil,19579,20124,20690,21275,21882,22510,23162,23838,24539,25266,26021,26638,27281,27952,28652,29382,30145,30942,31775,32646,33557,35525,37492,42071,43105,44222,45429,49847,51460,50515,49915,52003,54817,55435,57428,61687,63407,65665,67932,69339,71030,71198,71249,71860,72584,73333,71778,72917,72535,76420,78745,79341,82417,83770,87942,90539,93050,94552,95720,96559,98116,99560,100960,102537,105473,105716,103793,103756
Bulgaria,4089,4109,4130,4151,4172,4192,4213,4235,4256,4277,4299,4318,4338,4358,4378,4398,4418,4439,4459,4479,4500,4517,4535,4552,4569,4587,4605,4622,4640,4658,4676,4736,4773,4788,4781,4781,4795,4810,4790,4680,4392,3821,3510,3454,3476,3519,3615,3504,3468,3318,3239,3215,3222,3317,3403,3495,3612,3727,3815,3749,3604,3525,3436,3422,3434,3446,3463,3480
"Burkina Faso",2311,2340,2370,2400,2430,2461,2492,2524,2556,2588,2621,2621,2622,2623,2624,2625,2626,2627,2628,2629,2629,2656,2682,2709,2736,2763,2791,2819,2847,2875,2904,2971,3039,3108,3179,3252,3332,3422,3522,3631,3739,3862,3984,4065,4209,4338,4459,4593,4723,4868,5011,5174,5282,5492,5621,5754,6031,6161,6358,6569,6781,6997,7219,7457,7706,7974,8241,8513
"Ivory Coast",1124,1146,1170,1193,1217,1242,1267,1293,1319,1346,1373,1429,1487,1548,1611,1676,1745,1816,1890,1967,2047,2129,2215,2304,2397,2494,2594,2699,2807,2920,3038,3131,3226,3325,3426,3531,3639,3750,3865,4012,4201,4400,4559,4717,4904,5074,5221,5352,5711,5873,6035,6145,6256,6363,6471,6589,6726,6874,7031,7200,7384,7588,7775,7997,8231,8475,8708,8953
Cambodia,1871,1918,1965,2014,2063,2114,2166,2220,2275,2331,2389,2444,2501,2559,2618,2679,2741,2804,2869,2936,3004,2999,2995,2991,2986,2982,2977,2973,2968,2964,2960,3050,3143,3238,3337,3438,3543,3651,3762,3877,3995,4089,4219,4377,4474,4618,4783,5006,5247,5448,5605,5889,6105,6314,6590,6891,7183,7468,7749,7959,8124,8310,8486,8636,8788,8958,9130,9288
Cameroon,1841,1861,1882,1902,1923,1943,1965,1986,2007,2029,2051,2075,2099,2124,2149,2174,2199,2225,2251,2278,2304,2345,2387,2430,2473,2517,2562,2608,2655,2702,2750,2809,2868,2928,2990,3053,3168,3283,3398,3517,3624,3750,3876,4007,4143,4335,4292,4561,4760,4942,5093,5478,6048,6486,7129,7774,8573,8276,9530,10342,11102,11773,12114,12464,12830,13185,13550,13940
Canada,6287,6449,6500,6534,6483,6560,6841,6926,6722,6833,6807,6824,6994,7148,7395,7710,7974,8119,8128,8383,8375,8519,8801,9235,9704,9806,9942,10129,10439,10898,11235,11559,11182,11268,11557,11932,12302,12645,13040,13355,13450,13223,13089,13149,13407,13623,13757,14046,14365,14733,15064,15246,15626,15994,16269,16504,16811,17243,17577,17302,17549,17831,18040,18315,18430,18579,18717,18939
Chile,2044,2066,2088,2110,2133,2156,2182,2208,2234,2261,2289,2324,2359,2395,2432,2471,2511,2552,2596,2635,2652,2754,2862,2895,2813,2706,2747,2867,2891,2945,3114,3174,2955,3148,3288,3488,3673,3812,4040,4256,4343,4419,4634,4905,4945,5004,5077,5190,5302,5240,5332,5393,5492,5707,5852,6079,6184,6356,6539,6497,6928,7267,7375,7786,7903,8028,8114,8209
China,202863,205064,207290,213640,218320,223280,230180,237710,266000,261730,258800,255900,259100,266400,277360,286700,298050,308140,319150,332250,344320,356200,358540,366520,373690,381680,388340,393770,401520,410240,423610,437250,452950,464360,481970,498730,512820,527830,543340,553290,647490,654910,661520,668080,674550,680650,689500,698200,706370,713940,720850,727970,732800,737360,742640,746470,749780,753210,755640,758280,761050,764200,767040,769770,772530,774510,776030,776470
Colombia,3655,3725,3795,3867,3940,4019,4105,4193,4282,4374,4473,4588,4706,4827,4951,5086,5262,5445,5633,5828,6047,6247,6454,6668,6889,7273,7512,7862,8085,8324,8502,8892,9048,9062,9153,9403,9751,10262,10652,11167,11479,12294,12503,13260,13770,14425,14543,14854,14871,14652,15614,15814,15844,16650,16704,17155,16681,17076,17426,18197,18971,20020,20696,21048,21250,21952,22156,22666
"Costa Rica",271,277,284,291,298,305,313,321,330,339,349,360,371,383,395,408,423,438,454,470,489,509,530,552,572,603,629,662,685,706,723,724,743,781,825,856,887,927,965,1010,1032,1031,1073,1134,1187,1224,1214,1311,1395,1412,1446,1527,1550,1599,1615,1722,1772,1871,1895,1861,1837,1798,1953,1978,2017,2005,1952,1975
Croatia,1586,1596,1606,1617,1627,1637,1648,1658,1669,1679,1690,1694,1698,1702,1707,1711,1715,1719,1724,1728,1732,1744,1756,1768,1781,1793,1805,1818,1830,1843,1856,1909,1941,1962,1992,2036,2094,2136,2132,2123,2057,1879,1654,1624,1588,1569,1569,1550,1511,1456,1400,1407,1418,1473,1495,1506,1564,1715,1780,1767,1700,1634,1576,1533,1575,1599,1629,1663
Cyprus,117,118,119,121,122,124,125,127,128,130,131,133,134,135,137,138,140,141,142,144,145,147,149,151,154,156,158,175,183,191,200,206,210,215,222,231,233,240,251,261,267,268,279,279,285,296,298,299,304,310,315,322,328,340,354,366,373,390,404,404,406,406,393,369,363,370,380,388
"Czech Republic",4130,4155,4176,4212,4372,4417,4477,4530,4535,4541,4584,4680,4754,4772,4790,4831,4912,4937,4989,5046,5126,5116,5114,5130,5152,5165,5176,5187,5216,5244,5257,5265,5277,5292,5329,5358,5375,5394,5402,5396,5139,4956,5024,5014,5069,5106,5132,5096,5008,4900,4859,4846,4877,4838,4829,4923,4989,5093,5204,5110,5057,5043,5065,5081,5109,5180,5273,5280
Denmark,1970,1993,1974,2018,2035,2029,2018,2023,2029,2069,2108,2138,2171,2198,2243,2284,2323,2322,2340,2382,2411,2410,2457,2485,2468,2444,2486,2480,2501,2530,2515,2476,2487,2489,2525,2583,2647,2667,2654,2645,2634,2609,2587,2545,2596,2612,2638,2674,2712,2735,2755,2782,2784,2759,2744,2783,2846,2912,2947,2854,2788,2787,2767,2766,2794,2829,2877,2906
"Dominican Republic",575,589,604,620,635,651,668,685,702,720,738,767,798,829,862,896,931,968,1006,1045,1087,1128,1172,1217,1264,1312,1363,1415,1469,1526,1584,1640,1698,1758,1820,1885,1951,2020,2091,2165,2242,2300,2458,2469,2452,2452,2524,2652,2889,2980,3041,3002,3106,3098,3213,3279,3470,3551,3654,3566,3727,3874,3962,3993,4174,4293,4416,4481
"Congo (Kinshasa)",5135,5239,5345,5453,5563,5676,5791,5908,6027,6149,6273,6434,6599,6768,6942,7120,7302,7489,7681,7878,8080,8270,8463,8662,8865,9072,9285,9502,9725,9953,10186,10446,10713,10987,11268,11556,11851,12154,12464,12783,13110,13561,14106,14690,15231,15739,16158,16571,16963,17399,17897,18380,18905,19476,20086,20735,21360,22032,22750,23520,24295,25067,25876,26718,27601,28590,29577,30619
Ecuador,576,587,598,609,620,632,644,656,669,681,694,710,726,742,759,776,795,814,834,855,876,912,950,989,1030,1073,1110,1148,1188,1228,1271,1324,1379,1436,1496,1558,1621,1687,3037,3221,3425,3765,3957,3896,3965,4250,4245,4500,4630,4741,4961,5397,5083,5189,5671,5719,5925,5926,5971,6125,6144,6264,6506,6695,6784,7151,7482,7590
Egypt,6324,6438,6554,6672,6792,6915,7039,7166,7295,7426,7560,7222,7771,8100,8284,8288,8031,7811,7852,8217,8221,8225,8037,8815,9061,9517,9684,9239,9488,9604,11169,10123,10586,11166,11114,11002,11169,11720,11840,12342,12623,13225,13316,13537,13903,14304,15026,16124,16637,17120,17325,17805,17804,17384,18355,18928,19499,22480,23314,24510,25466,26256,27051,27509,27853,28426,29261,30045
Estonia,522,532,542,552,563,573,584,595,606,618,629,641,653,665,677,690,702,715,728,742,756,762,769,775,782,788,795,802,809,816,822,828,834,837,842,846,856,854,854,847,831,807,759,699,675,634,619,619,607,580,585,589,589,601,599,612,642,643,642,577,548,584,594,601,606,623,625,625
Ethiopia,8211,8348,8488,8630,8774,8921,9071,9222,9377,9534,9693,9868,10096,10319,10573,10839,11108,11380,11679,11970,12271,12645,13029,13418,13811,14190,14582,15000,15378,15923,16504,17084,17759,18490,19259,19739,20310,20921,21529,22105,22621,23044,23600,23578,24320,25117,26057,26802,27404,28214,29165,29913,30619,31398,32311,33484,34537,35951,37662,39347,41177,43068,44220,46156,47719,49281,50753,52524
Finland,2029,2047,2065,2083,2102,2120,2139,2174,2208,2135,2197,2239,2230,2238,2237,2263,2268,2226,2197,2230,2278,2262,2283,2326,2334,2323,2302,2260,2239,2288,2355,2384,2411,2420,2435,2439,2431,2445,2469,2493,2481,2341,2176,2046,2018,2054,2083,2155,2195,2249,2298,2332,2357,2360,2374,2411,2455,2507,2563,2501,2484,2516,2538,2520,2508,2499,2513,2527
France,19549,19685,19765,19692,19733,19889,20141,20296,20248,20140,20175,20168,20153,20304,20522,20586,20745,20804,20752,21066,21352,21452,21584,21886,22088,21917,22100,22298,22431,22581,22684,22658,22715,22688,22568,22516,22624,22825,23051,23454,23669,23724,23574,23328,23448,23686,23822,24012,24437,25033,25671,26037,26161,26162,26196,26378,26667,27042,27168,26863,26896,27107,27196,27267,27394,27523,27705,27867
Georgia,1587,1616,1646,1677,1708,1740,1772,1805,1839,1873,1908,1933,1958,1984,2010,2037,2064,2091,2118,2146,2174,2214,2254,2294,2336,2378,2421,2465,2509,2555,2601,2634,2668,2702,2737,2772,2808,2834,2836,2805,2870,2616,2062,1864,1818,1797,1844,1848,1731,1733,1837,1878,1839,1815,1783,1745,1747,1704,1602,1656,1628,1664,1724,1712,1745,1780,1781,1784
Germany,30630,31281,31818,32628,33575,34626,35319,35963,36229,36598,37003,37396,37482,37505,37544,37726,37649,36762,36783,37251,37632,37778,37910,38260,37983,37275,37213,37301,37598,38143,38632,38686,38431,38122,38231,38489,38889,39124,39376,39741,39628,38790,38283,37786,37798,37958,37969,37947,38407,39031,39917,39809,39630,39200,39337,39326,39635,40325,40856,40892,41020,41577,42061,42328,42662,43057,43593,43937
Ghana,1982,2034,2086,2141,2196,2254,2312,2372,2434,2497,2562,2613,2642,2742,2701,2734,2749,2857,2897,3041,3133,3328,3396,3712,3930,4093,4137,4451,4616,4560,4687,4797,4807,4983,5423,5713,5881,6126,6303,6460,6542,6377,6466,6546,6640,6746,6873,7073,7213,7363,7428,7591,7774,7959,8167,8483,8779,9062,9539,9749,10243,11237,11686,12008,12317,12595,12876,13196
Greece,2776,2897,3024,3157,3295,3439,3590,3609,3636,3646,3662,3677,3640,3589,3543,3518,3486,3444,3403,3393,3389,3399,3416,3451,3454,3458,3499,3527,3541,3580,3630,3819,3778,3796,3788,3883,3896,3893,3958,3972,4024,3953,4010,4044,4119,4156,4133,4116,4297,4299,4313,4328,4434,4496,4604,4647,4731,4795,4856,4829,4705,4382,4105,3998,3999,4020,4072,4157
Guatemala,1005,1024,1044,1063,1083,1104,1125,1146,1167,1190,1212,1239,1267,1296,1325,1355,1388,1422,1457,1493,1529,1593,1659,1728,1799,1874,1938,2005,2074,2145,2219,2304,2252,2218,2299,2296,2303,2436,2579,2729,2795,2874,2976,3068,3185,3215,3325,3482,3606,3757,3907,4053,4121,4257,4422,4727,5041,5075,5129,5180,5208,5341,6056,5766,6060,6241,6475,6677
"Hong Kong",788,814,840,868,896,925,955,986,1019,1052,1086,1122,1159,1197,1237,1277,1320,1363,1408,1455,1503,1562,1614,1672,1742,1822,1869,1941,2018,2100,2254,2427,2428,2448,2526,2564,2643,2697,2739,2734,2720,2760,2744,2807,2879,2912,3080,3169,3127,3117,3212,3256,3224,3200,3279,3343,3412,3481,3510,3470,3479,3579,3657,3729,3750,3799,3818,3852
Hungary,4532,4638,4716,4776,4818,4885,4961,4948,4996,5065,5082,5029,5039,5077,5130,5136,5174,5242,5261,5280,5299,5109,5135,5153,5166,5175,5173,5161,5161,5163,5129,5345,5311,5272,5234,5208,5197,5179,5156,5137,5064,4792,4390,4109,4025,4010,4013,4019,4082,4196,4237,4230,4227,4227,4186,4174,4192,4198,4115,4013,3969,3969,3975,4019,4213,4309,4403,4424
Iceland,67,67,68,68,68,69,69,69,70,70,70,71,73,74,80,83,85,85,86,86,90,94,97,99,103,104,108,108,112,113,116,122,126,126,128,133,137,145,141,139,137,137,137,137,138,142,142,142,148,154,157,159,157,157,157,162,170,178,179,168,167,167,169,175,178,184,191,196
India,162475,165041,167648,170297,172987,175720,178496,181316,184180,187090,190045,193586,195149,196808,198534,200304,202100,203905,205708,207500,209276,215772,222420,229246,236295,243594,251135,258909,266912,275134,283562,290516,297754,304368,308534,313022,317884,323185,330003,337568,345538,353925,362748,372033,376768,380164,383887,387950,392367,397156,406055,416871,428470,440938,454375,456670,455756,455706,456556,458369,463064,470603,476173,482904,490914,500624,510225,519649
Indonesia,26555,26925,27301,27682,28068,28460,28857,29259,29667,30081,30501,31069,31648,32238,32839,33451,34074,34709,35356,36015,36687,37628,38697,40224,42098,44420,47306,48315,51780,51004,51553,53819,57803,58220,59749,62457,68338,70402,72518,73425,75851,76423,78518,79200,82038,80110,85702,87050,87674,88816,89838,90807,91647,92811,93723,93958,95457,99930,102552,104871,108208,109670,110808,112761,114628,114818,118408,119972
Iran,4995,5081,5168,5257,5347,5439,5532,5627,5723,5821,5921,6063,6208,6356,6508,6664,6823,6986,7153,7324,7499,7619,7706,7926,8124,8260,8799,9024,9207,9540,9684,9892,10175,10534,10660,10935,11056,11370,11618,11926,12547,13097,13262,13408,13688,14061,14572,14962,15368,15974,16657,17112,17882,18401,19091,19696,20476,21088,20506,21017,20684,20547,20665,21385,21343,21578,21850,22128
Iraq,1134,1161,1189,1218,1247,1278,1309,1340,1373,1406,1440,1479,1519,1559,1601,1644,1689,1734,1781,1829,1878,1937,1998,2061,2126,2193,2262,2333,2407,2483,2561,2637,2716,2797,2881,2966,3055,3146,3240,3337,3436,3327,3393,3505,3670,3815,3920,4089,4234,4398,4580,4733,4891,4359,4572,5300,5496,5703,5971,6162,6371,6610,6871,7166,7469,7712,7932,8194
Ireland,1237,1220,1204,1188,1172,1156,1141,1099,1083,1075,1070,1065,1075,1081,1086,1084,1080,1075,1078,1081,1068,1080,1067,1082,1097,1089,1079,1113,1125,1183,1172,1169,1164,1154,1133,1128,1121,1127,1128,1127,1176,1172,1176,1194,1231,1285,1331,1405,1524,1623,1696,1749,1776,1809,1870,1962,2053,2143,2129,1962,1883,1872,1862,1908,1940,1989,2043,2087
Israel,542,566,590,615,642,670,698,728,760,793,827,854,882,911,941,973,1005,1038,1072,1107,1127,1167,1226,1281,1284,1303,1319,1357,1420,1453,1468,1499,1520,1568,1591,1579,1602,1644,1701,1710,1747,1853,1932,2050,2190,2300,2394,2455,2519,2602,2706,2734,2755,2787,2829,2924,3004,3132,3245,3311,3412,3514,3655,3753,3859,3947,4053,4155
Italy,19864,19994,20161,20375,20653,20644,20714,20805,20878,20908,20992,21126,21064,20715,20643,20139,19810,20057,20047,19903,19995,20002,19950,20232,20547,20562,20771,20834,20903,21136,21442,21424,21468,21537,21536,21740,21889,21939,22175,22326,22682,23106,22939,22322,21955,21911,22044,22114,22336,22581,23021,23473,23867,24218,24365,24501,24984,25295,25349,24926,24766,24843,24765,24323,24339,24504,24814,24918
Jamaica,536,540,543,546,550,553,557,560,564,567,571,576,581,586,591,596,601,606,612,617,615,613,611,622,651,667,669,676,692,681,699,730,731,742,779,782,821,845,872,881,896,903,906,906,923,963,960,956,954,937,936,942,1026,1057,1059,1092,1130,1170,1168,1126,1095,1099,1103,1109,1128,1139,1175,1189
Japan,39541,40353,41181,42027,42564,43928,44798,45979,46162,46559,47644,48310,48933,49352,49996,50801,51843,52842,53723,54131,54711,55097,55383,56635,56396,56258,56718,57398,57958,58554,58959,59409,59894,60801,61008,61338,61652,61896,62615,63538,64598,65912,66655,66908,66983,67214,67281,67765,66989,66091,65610,65370,64607,64641,65010,65531,65989,66512,66411,65632,65494,65455,65177,65549,65934,66165,66815,66870
Jordan,96,100,105,110,115,120,125,131,137,143,149,158,167,177,187,198,210,222,235,249,263,270,276,282,289,295,302,309,316,323,331,349,369,390,411,434,459,485,512,540,571,665,702,748,826,924,965,991,1017,1038,1046,1043,1055,1079,1142,1164,1219,1333,1395,1486,1532,1564,1603,1610,1673,1701,1743,1782
Kazakhstan,2359,2462,2570,2682,2799,2921,3049,3182,3321,3466,3617,3740,3868,3999,4135,4276,4422,4572,4728,4889,5055,5179,5305,5435,5568,5704,5843,5986,6132,6282,6435,6528,6622,6718,6815,6913,6980,7070,7167,7466,7563,7494,7356,6926,6394,6398,6361,6309,6128,6097,6201,6699,6709,6985,7182,7261,7404,7631,7857,7903,8114,8302,8507,8571,8510,8624,8553,8570
Kenya,2573,2616,2659,2703,2747,2793,2839,2886,2933,2982,3031,3108,3188,3269,3352,3438,3525,3615,3707,3802,3888,4047,4143,4270,4489,4601,4773,4927,5075,5275,5457,5608,5779,5996,6181,6409,6625,6842,7036,7321,7567,7842,8145,8485,8918,9457,9939,10370,10785,11205,11568,11892,12217,12517,13011,13371,13730,14198,14661,14921,15289,15646,16172,16700,17244,17920,18566,19204
Kuwait,50,54,59,64,69,75,82,89,96,105,114,122,131,141,152,163,175,189,203,218,234,248,260,273,286,297,330,364,401,443,483,514,547,583,620,660,704,750,797,848,900,883,844,794,752,746,802,848,865,840,820,818,882,940,1019,1124,1261,1427,1500,1544,1666,1735,1836,1851,1929,2025,2073,2108
Kyrgyzstan,678,690,702,715,728,741,755,768,782,796,811,832,853,875,898,921,944,969,994,1019,1045,1078,1112,1147,1183,1220,1259,1298,1339,1381,1424,1461,1497,1535,1574,1614,1652,1703,1717,1739,1748,1754,1836,1681,1645,1642,1652,1689,1705,1764,1768,1787,1850,1930,1991,2077,2096,2153,2184,2216,2244,2278,2286,2263,2303,2258,2281,2309
Latvia,633,644,656,667,679,691,704,716,729,742,756,770,784,799,813,828,844,859,875,892,908,916,923,931,939,947,955,963,971,979,987,990,993,1001,1006,1010,1016,1023,1023,1019,1020,1011,977,898,891,930,935,977,973,956,924,939,952,958,961,969,1025,1064,1055,904,844,856,869,889,877,887,885,888
Lithuania,1045,1059,1073,1087,1102,1116,1131,1146,1161,1177,1193,1213,1233,1254,1275,1296,1318,1341,1363,1386,1409,1430,1451,1473,1494,1516,1539,1562,1585,1608,1632,1647,1657,1674,1689,1706,1720,1736,1742,1745,1700,1706,1683,1611,1508,1483,1497,1506,1494,1461,1399,1346,1395,1426,1410,1421,1416,1445,1426,1317,1247,1253,1275,1292,1318,1334,1359,1366
Luxembourg,134,134,134,133,133,133,133,133,132,133,133,134,135,134,137,138,139,137,137,138,141,146,150,153,157,159,158,158,157,158,159,160,159,159,160,161,165,170,175,181,188,196,201,205,210,216,222,229,239,251,264,279,287,293,299,308,319,334,349,353,360,370,379,386,396,406,418,427
"Macedonia (F.Y.R.O.M.)",401,404,407,411,414,417,420,423,427,430,433,440,447,454,461,468,476,483,491,498,506,519,532,545,559,573,587,602,617,632,648,672,698,722,740,759,786,823,820,819,807,783,747,706,669,605,578,547,563,584,593,580,599,599,560,587,615,633,683,713,687,697,705,745,763,780,794,807
Madagascar,2374,2404,2435,2466,2497,2529,2562,2594,2628,2661,2695,2742,2789,2837,2887,2937,2987,3039,3092,3145,3200,3273,3348,3425,3503,3584,3666,3750,3836,3924,4013,4118,4226,4336,4449,4565,4684,4807,4932,5061,5193,5366,5637,5905,5976,6270,6507,6648,6791,7007,7023,7251,7508,7783,8144,8516,8749,8939,9303,9787,10215,10561,10924,11284,11643,11992,12339,12713
Malawi,1144,1167,1190,1214,1239,1263,1289,1315,1341,1368,1395,1430,1466,1502,1539,1578,1617,1632,1662,1704,1735,1803,1850,1912,1982,2052,2099,2149,2246,2320,2600,2668,2759,2899,2979,3088,3227,3311,3517,3711,3874,3983,4032,4014,4030,4057,4119,4231,4286,4330,4346,4367,4423,4437,4604,4748,4777,5001,5281,5584,5937,6117,6310,6488,6719,6944,7190,7442
Malaysia,2175,2218,2262,2307,2352,2398,2445,2494,2543,2593,2644,2713,2785,2858,2933,3010,3090,3171,3254,3340,3428,3547,3668,3791,3916,4048,4183,4327,4470,4620,4787,5067,5249,5457,5567,5653,5760,5984,6157,6391,6685,6724,7048,7383,7519,7645,8399,8569,8600,8838,9269,9357,9543,9870,9980,10045,10275,10538,10660,10897,11900,12285,12723,13210,13532,13744,13827,14084
Mali,1030,1049,1068,1087,1107,1127,1147,1168,1189,1210,1232,1254,1277,1300,1323,1347,1372,1396,1421,1447,1473,1497,1522,1547,1573,1598,1625,1651,1679,1706,1734,1763,1792,1822,1852,1883,1914,1946,1978,2011,2045,2181,2235,2171,2244,2428,2476,2674,2636,2660,2786,2876,2979,3168,3135,3360,3582,3796,4128,4478,4897,5055,5202,5333,5433,5614,5809,6015
Malta,88,88,87,87,87,87,86,86,86,86,86,87,88,89,90,91,92,93,94,95,96,98,100,103,105,107,109,112,114,117,119,119,114,114,115,116,119,126,129,131,132,135,136,137,139,145,147,148,147,148,146,149,149,149,149,151,154,157,161,161,164,169,173,179,189,196,203,209
Mexico,7929,8021,8113,8207,8302,8401,8520,8641,8763,8887,9017,9266,9521,9783,10053,10349,10669,10998,11338,11688,12077,12729,13417,14141,14905,15821,16493,17194,18022,19119,20331,21020,21734,21828,22751,23871,24632,25498,26394,27377,28346,29240,30274,31356,32455,32175,33496,35425,36357,36775,37594,37684,38560,38878,40216,40470,41867,42567,43538,43063,46598,46892,49003,49296,49146,50263,50918,51291
Moldova,1226,1253,1282,1310,1340,1370,1400,1432,1464,1497,1530,1556,1582,1609,1636,1663,1691,1719,1748,1777,1807,1834,1861,1888,1916,1944,1962,1980,1998,2016,2034,2069,2067,2076,2074,2080,2082,2085,2067,2091,2071,2070,2050,1688,1681,1673,1660,1646,1642,1495,1515,1499,1505,1356,1316,1319,1257,1247,1251,1184,1143,1173,1147,1173,1185,1203,1219,1225
Morocco,2028,2083,2139,2197,2256,2317,2380,2444,2510,2578,2648,2376,2752,2856,2720,2763,2572,2737,3177,2979,3052,3222,3301,3243,3415,3590,4109,4120,4465,4564,4849,4370,5123,4902,4980,5416,6198,5532,6321,6444,6424,6986,5922,5786,6848,5749,7064,6477,7196,6994,6944,7588,7815,8548,8959,8871,9792,9476,10253,11406,11524,12126,12092,12223,12306,12345,12506,12648
Mozambique,2436,2479,2523,2567,2613,2659,2706,2754,2802,2852,2902,2955,3009,3064,3121,3178,3236,3295,3356,3417,3480,3566,3655,3746,3839,3934,4032,4132,4235,4340,4448,4452,4456,4460,4465,4469,4473,4477,4481,4485,4490,4597,4887,5113,5376,5633,5730,5918,6130,6350,6579,6744,6957,7171,7340,7510,7651,7703,7880,8053,8217,8364,8564,8734,8762,9116,9431,9754
"Burma (Myanmar)",10433,10524,10616,10708,10802,10896,10991,11086,11183,11280,11378,11565,11754,11946,12142,12340,12542,12747,12956,13168,13383,13655,13932,14214,14502,14797,15097,15403,15993,16366,16712,17100,17448,17948,18343,18716,19144,19618,20008,20290,19259,19589,20102,20624,21178,21749,22349,22963,23542,24248,24835,25333,25809,26260,26677,27094,27503,27903,28244,28670,29091,29525,29973,30416,30811,31234,31677,32125
Netherlands,4263,4279,4261,4339,4457,4538,4608,4633,4590,4637,4726,4794,4890,4957,5044,5087,5127,5111,5158,5513,5598,5655,5623,5661,5699,5695,5740,5746,5821,5945,6056,6029,5939,5886,5934,6045,6188,6320,6435,6607,6809,6940,7037,7067,7116,7276,7427,7656,7838,8063,8210,8371,8428,8381,8283,8339,8519,8771,8914,8838,8778,8854,8836,8732,8711,8792,8887,9022
"New Zealand",849,857,887,898,918,933,949,968,984,1000,1016,1037,1061,1077,1107,1141,1183,1218,1219,1223,1254,1288,1303,1329,1385,1429,1446,1448,1538,1545,1554,1528,1542,1538,1551,1602,1619,1624,1572,1524,1535,1509,1514,1545,1611,1686,1740,1750,1739,1766,1799,1845,1905,1953,2023,2083,2132,2169,2185,2147,2157,2188,2193,2227,2306,2357,2466,2538
Niger,1084,1099,1115,1131,1147,1163,1179,1196,1213,1230,1247,1270,1293,1317,1341,1366,1391,1416,1442,1468,1495,1525,1556,1588,1620,1652,1686,1720,1755,1790,1826,1861,1895,1931,1967,2004,2042,2080,2119,2197,2282,2371,2417,2584,2713,2776,2970,3102,3249,3401,3526,3755,3872,4048,4159,4300,4451,4628,4789,4966,5149,5339,5539,5757,5982,6211,6453,6708
Nigeria,12881,13215,13558,13909,14270,14640,15020,15409,15809,16219,16640,17053,17470,18296,19133,20121,20559,19883,20131,21192,22463,22532,22823,23293,23410,24517,25605,26592,26382,26418,27973,29225,29587,28610,27342,27527,27652,28368,29489,30206,30988,31797,32622,33517,34214,34936,35917,37012,38283,39843,39651,39826,40836,40988,43910,45108,46519,48025,49432,50709,52073,52404,53846,55404,56827,59964,64167,65793
Norway,1535,1535,1534,1534,1534,1533,1533,1534,1518,1517,1530,1550,1559,1565,1569,1583,1590,1599,1601,1615,1641,1655,1674,1686,1708,1737,1795,1845,1877,1903,1949,1974,1975,1970,1985,2040,2107,2150,2138,2077,2059,2038,2034,2049,2077,2120,2163,2226,2285,2306,2320,2328,2337,2309,2324,2354,2434,2535,2617,2605,2591,2630,2684,2713,2746,2753,2756,2767
Oman,58,59,60,61,62,63,64,66,67,68,69,71,72,74,76,78,80,82,84,86,88,91,95,99,104,109,115,130,140,156,181,215,239,302,345,360,333,304,341,354,375,463,542,614,661,795,648,666,669,668,696,742,771,637,672,691,805,966,1154,1256,1367,1552,1773,2023,2251,2444,2509,2520
Pakistan,12375,12556,12739,12926,13115,13307,13502,13700,13900,14104,14310,14622,14940,15265,15598,15937,16285,16639,17001,17372,17750,18370,18550,19240,19760,20300,21080,21890,22730,23620,24150,24700,25270,25850,26400,26960,27020,28700,28990,29900,30820,29830,31040,32080,33010,33260,33130,35160,36940,37780,37320,38140,39640,40470,42240,43220,46940,47650,49090,50790,51870,53840,55800,56580,56500,57400,58918,60441
Peru,789,807,825,843,862,882,902,922,943,964,986,1003,1020,1038,1056,1076,1095,1115,1135,1156,1207,1260,1312,1364,1422,1456,1497,1527,1558,1593,1652,1718,1773,1861,1927,1972,2140,2221,2232,2285,2351,2511,2515,2603,2742,2883,2993,3060,3194,3283,3438,3485,3610,3617,3717,3725,3856,4015,4043,4139,4337,4415,4489,4599,4645,4694,4779,4845
Philippines,6717,6917,7123,7335,7553,7777,8009,8103,8556,8706,8539,9245,9642,10040,10572,10322,10984,11526,11476,11235,11358,12246,12834,13450,13885,14142,14238,14547,15768,16733,16794,17631,17993,18898,19238,19749,20489,20833,21205,21908,22212,22914,23696,24382,25032,25677,27186,26365,26631,27742,27452,29156,30062,30635,31613,32313,32636,33560,34089,35061,36035,37192,37600,38118,38651,39716,41432,42256
Poland,10096,10208,10321,10436,10551,10668,10895,11100,11174,11349,11537,11695,11921,12146,12259,12579,12865,13399,13704,13989,14118,14374,14727,15041,15308,15418,15396,15480,15917,16029,16127,16207,15812,15770,15814,15950,15996,15944,15837,15818,15146,14259,14124,13790,13929,14180,14438,14811,15007,14875,14517,14195,13766,13606,13760,14057,14504,15156,15732,15789,15370,15457,15475,15464,15731,15970,16061,16119
Portugal,3027,3053,3079,3105,3132,3158,3185,3121,3230,3253,3295,3298,3289,3279,3270,3260,3244,3224,3204,3184,3285,3344,3327,3302,3535,3700,3751,3773,3763,3810,3894,3912,3911,4091,4081,4062,4069,4176,4286,4382,4480,4613,4654,4560,4554,4529,4605,4726,4858,4933,5042,5130,5150,5100,5064,5041,5061,5062,5080,4942,4871,4777,4581,4450,4513,4576,4650,4687
Qatar,8,9,10,11,12,13,14,15,16,18,19,22,24,27,30,34,38,42,47,52,59,64,70,76,82,88,93,98,103,110,120,133,149,166,189,194,200,204,207,211,216,222,231,241,239,239,239,280,294,309,308,310,332,370,437,479,531,828,1168,1261,1265,1270,1341,1539,1633,1953,1986,2018
Romania,12408,12500,12593,12686,12780,12875,12971,13067,13164,13261,13360,13428,13498,13567,13637,13707,13778,13849,13920,13992,14064,14097,14142,14213,14283,14398,14506,14558,14595,14638,14680,14717,14791,14833,14893,15015,15126,15178,15381,16252,15899,14632,12941,12468,12109,11618,11236,11332,10990,10856,10772,10657,9574,9569,9410,9267,9331,9365,9366,9181,9156,9082,8645,8569,8635,8558,8477,8483
Russia,44522,45381,46256,47149,48058,48985,49930,50893,51874,52875,53895,54795,55711,56642,57589,58551,59530,60524,61536,62564,63610,64497,65397,66309,67234,68172,69123,70087,71065,72056,73061,73390,73912,74091,75300,74622,74894,75039,75163,75250,75008,73538,71768,70554,68196,66162,65673,64500,63610,64041,64443,64906,65499,65903,66331,66683,67047,67922,68397,67418,67493,67644,67968,67901,68044,68781,68852,68232
"Saudi Arabia",718,730,742,755,767,780,793,807,820,834,848,869,891,913,936,960,984,1009,1034,1060,1087,1253,1501,1727,1731,1881,2165,2294,2447,2681,2856,3294,3259,3373,3746,4196,4392,4201,4528,4513,4870,5292,5516,5496,5498,5437,5548,5620,5706,5593,5713,5809,5913,6316,6718,7121,7523,7755,7987,8148,8998,9936,10390,10729,11068,11485,11708,11904
Senegal,616,627,638,650,661,673,685,698,710,723,736,755,774,793,813,834,855,876,898,921,944,990,1040,1081,1125,1204,1267,1315,1379,1453,1520,1591,1683,1746,1822,1902,2002,2122,2231,2345,2454,2570,2608,2622,2647,2706,2745,2805,2912,2981,3069,3157,3232,3301,3406,3519,3632,3751,3870,4000,4135,4282,4442,4601,4763,4962,5146,5335
Singapore,317,331,346,361,377,393,411,429,448,467,488,502,517,532,548,564,580,597,615,633,651,701,751,800,825,837,874,914,973,1041,1097,1188,1261,1296,1313,1249,1195,1243,1318,1383,1449,1506,1554,1605,1677,1760,1870,1984,2039,2030,2112,2187,2156,2130,2166,2261,2410,2619,2873,2952,3049,3166,3292,3427,3556,3632,3669,3713
Slovakia,1693,1684,1674,1664,1655,1645,1636,1626,1617,1607,1598,1632,1666,1701,1736,1773,1810,1848,1886,1926,1966,1996,2026,2057,2088,2120,2152,2185,2218,2252,2287,2313,2328,2353,2387,2418,2462,2489,2514,2509,2489,2290,2143,2143,2103,2107,2151,2129,2119,2065,2025,2037,2038,2060,2056,2089,2132,2177,2247,2203,2170,2208,2209,2192,2223,2267,2321,2354
Slovenia,690,694,698,702,706,709,713,717,721,725,729,735,741,747,752,758,764,770,776,782,789,806,824,842,860,879,898,918,938,959,980,988,997,1006,1022,1037,1054,1188,1181,1166,1121,1034,977,948,925,922,904,888,887,900,914,920,934,931,934,929,944,976,1001,983,962,946,937,927,931,941,961,977
"South Africa",5689,5802,5917,6034,6154,6275,6400,6527,6656,6788,6922,6969,6992,7038,7149,7254,7318,7402,7496,7562,7682,7731,7779,7831,7883,7934,7986,8041,8097,8152,8209,8403,8604,8810,9021,9239,9369,9839,10303,10760,11210,11655,11837,12021,12209,12399,12592,12789,12988,13189,13372,12926,13563,13269,13411,14035,14888,14728,15210,14878,14619,15202,15585,16061,16365,17006,17050,17302
"South Korea",6067,6138,6210,6283,6357,6432,6508,6584,6661,6740,6819,7058,7306,7563,7698,8112,8325,8624,9061,9285,9617,9946,10379,10942,11421,11691,12412,12812,13412,13602,13683,14023,14379,14505,14429,14970,15505,16354,16869,17560,18085,18623,18985,19211,19829,20397,20838,21201,19920,20275,21137,21557,22151,22116,22557,22856,23151,23433,23577,23506,23829,24244,24681,25067,25599,25936,26235,26421
Spain,11630,11669,11715,11789,11877,12029,12213,12394,12628,12478,12339,12546,12625,12709,12776,12874,12997,13083,13177,13300,13435,13534,13678,14014,14086,13837,13690,13580,13216,12933,12641,12337,12232,12189,11916,11794,12068,12646,13089,13563,14078,14247,14049,13650,13586,13845,14045,14570,15209,15901,16691,17248,17693,18282,18970,19784,20609,21285,21324,19987,19640,19113,18343,17862,18022,18474,18969,19336
"Sri Lanka",2270,2322,2375,2430,2485,2542,2600,2660,2720,2783,2846,2911,2977,3044,3113,3184,3256,3330,3405,3482,3561,3649,3709,3772,3835,3895,3957,4013,4066,4118,4169,4206,4270,4334,4396,4458,4587,4676,4766,4853,4935,5016,4962,5202,5281,5357,5537,5608,6049,6083,6310,6236,6519,6609,6704,6788,7105,7042,7629,7580,7696,8186,8118,8418,8424,8567,8591,8617
"Saint Lucia",28,29,29,30,30,31,31,32,32,31,32,32,32,33,33,34,35,35,36,36,37,38,38,39,40,40,41,42,43,43,44,45,45,46,46,47,48,48,49,49,49,50,51,53,52,57,57,56,56,60,63,64,64,64,62,66,68,71,70,69,68,68,69,70,71,71,72,72
Sudan,1568,1609,1651,1694,1738,1783,1830,1878,1927,1977,2029,2081,2135,2190,2247,2305,2365,2426,2489,2554,2620,2700,2783,2869,2957,3048,3142,3238,3338,3440,3546,3810,4095,4400,4502,4611,4698,4753,4785,4839,4905,5035,5209,5369,5703,6001,6237,6341,6513,6655,6804,6969,7132,7298,7474,7660,7823,8005,8122,8481,8729,8963,9209,9472,9743,10000,10284,10591
Sweden,3459,3456,3452,3449,3446,3443,3440,3490,3543,3598,3655,3685,3705,3723,3777,3803,3808,3767,3807,3879,3955,3947,3960,3975,4054,4134,4148,4156,4172,4233,4280,4287,4279,4288,4324,4369,4396,4431,4492,4557,4599,4530,4329,4102,4063,4129,4096,4043,4111,4198,4301,4391,4393,4368,4337,4349,4422,4524,4565,4455,4498,4594,4627,4672,4737,4810,4890,4958
Switzerland,2340,2396,2455,2514,2575,2638,2715,2776,2753,2754,2830,2962,3076,3124,3173,3151,3139,3156,3175,3227,3275,3334,3381,3415,3412,3249,3155,3170,3201,3236,3310,3388,3405,3405,3438,3507,3587,3675,3771,3872,3995,4068,4027,3990,3965,3963,3960,3958,4011,4043,4082,4150,4180,4165,4176,4207,4299,4410,4516,4540,4555,4663,4732,4803,4890,4966,5046,5068
Syria,1021,1042,1062,1084,1106,1128,1150,1173,1197,1221,1245,1270,1295,1321,1347,1374,1402,1429,1458,1487,1517,1570,1626,1683,1743,1805,1869,1935,2003,2074,2148,2184,2220,2257,2295,2410,2531,2660,2796,2941,3092,3271,3428,3608,3802,4014,3937,3907,4239,4485,4469,4730,4822,4469,4339,4694,4860,4946,4838,4998,5054,4949,4787,4589,4400,4267,4364,4544
Taiwan,3061,3109,3158,3208,3259,3311,3363,3416,3470,3525,3581,3713,3843,3980,4032,4058,4164,4379,4575,4758,4964,5128,5298,5677,5826,5861,5999,6300,6561,6832,6857,6982,7121,7380,7638,7872,8157,8446,8513,8664,8653,8809,8992,9187,9364,9421,9444,9552,9665,9758,9861,9753,9824,9863,10076,10232,10401,10584,10693,10569,10783,10999,11150,11257,11368,11490,11561,11739
Tajikistan,612,627,644,660,678,695,713,732,751,770,790,805,820,835,851,867,883,900,917,934,951,992,1034,1077,1123,1171,1220,1272,1326,1382,1441,1486,1533,1581,1630,1682,1714,1776,1821,1879,1939,1971,1909,1855,1855,1853,1731,1791,1796,1737,1746,1829,1857,1885,2088,2112,2131,2150,2158,2210,2233,2249,2292,2307,2325,2380,2431,2484
Tanzania,3417,3503,3591,3682,3775,3870,3967,4067,4170,4275,4383,4601,4666,4742,4835,4942,5067,5188,5388,5582,5816,5999,6185,6368,6574,6778,7073,7333,7619,7832,8028,8242,8471,8663,8947,9235,9476,9791,10114,10419,10723,11047,11361,11613,11892,12149,12414,12693,12966,13245,13516,13825,14199,14723,15302,15951,16672,17305,17983,18660,19413,20203,20430,20411,21237,21846,22501,23211
Thailand,9243,9496,9756,10023,10298,10580,10869,11167,11473,11787,12109,12426,12754,13082,13411,13737,14058,14378,14703,15036,15383,15752,15183,16130,16461,17389,18248,19129,20463,21132,21841,22686,23245,23754,24752,24704,25619,26670,28502,29978,30487,30814,32301,32345,32480,33065,32855,33844,32820,32811,33779,34312,34983,35276,36176,36404,36418,37169,37853,38350,38642,39276,39529,39345,38359,38298,37972,38117
Tunisia,901,911,921,931,942,952,963,974,984,995,1006,1020,1033,1046,1060,1074,1088,1102,1117,1131,1154,1186,1254,1281,1317,1236,1302,1338,1378,1418,1455,1498,1540,1572,1651,1696,1742,1789,1834,1878,1924,1979,2033,2088,2135,2280,2311,2334,2480,2635,2705,2789,2852,2951,2855,2929,3005,3085,3155,3199,3277,3140,3232,3315,3294,3355,3400,3439
Turkey,10416,10470,10523,10577,10631,10685,10193,10322,10453,10580,10816,10941,10921,11085,11228,11332,11466,11487,11538,11561,11947,12151,12485,12719,13044,13204,13388,13810,13993,14196,14371,14492,14640,14785,15007,15256,15531,15879,16114,16527,16806,17468,17619,16772,18101,18613,19150,19160,19667,19904,19492,19485,19426,19273,19642,20067,20423,20738,21194,21277,22594,24110,24821,25524,25933,26589,27201,27799
Turkmenistan,460,469,479,490,500,511,521,532,544,555,567,583,599,616,633,650,668,687,706,726,746,775,805,836,868,902,937,973,1011,1050,1091,1126,1163,1201,1240,1280,1309,1346,1382,1427,1476,1527,1578,1628,1692,1749,1780,1816,1839,1952,1908,1947,2013,2065,2110,2157,2198,2249,2305,2361,2413,2471,2524,2574,2623,2679,2724,2766
Uganda,2573,2632,2693,2756,2820,2885,2952,3020,3090,3162,3235,3324,3416,3510,3606,3705,3807,3912,4020,4130,4244,4336,4429,4525,4622,4722,4824,4928,5034,5143,5253,5429,5610,5797,5990,6190,6397,6610,6831,7058,7294,7525,7637,7806,8057,8364,8488,8827,8989,9263,9640,9892,10072,10343,10628,10903,11262,11874,12567,13029,13603,14170,15100,15700,16269,16846,17465,18125
Ukraine,16331,16685,17048,17418,17796,18183,18577,18981,19393,19814,20244,20505,20769,21036,21307,21582,21859,22141,22426,22715,23007,23231,23456,23684,23914,24147,24381,24618,24857,25099,25343,25393,25444,25495,25546,25597,25572,25521,25419,25445,25419,24995,24505,23945,23025,24125,24114,23756,22998,20048,20175,19972,20091,20163,20296,20680,20730,20905,20972,20192,19180,19231,19261,19314,18073,16443,16277,16160
"United Arab Emirates",20,20,21,22,23,24,24,25,26,27,28,32,37,42,48,54,62,71,81,93,106,129,158,194,238,288,307,350,399,455,553,565,588,612,637,676,699,747,798,853,911,973,1040,1111,1188,1312,1351,1440,1530,1630,1733,1844,1974,2103,2246,2480,2563,2742,2930,3137,3471,3690,3821,3891,3939,3969,3985,4016
"United Kingdom",22267,22541,22560,22675,23026,23321,23490,23487,23261,23453,23870,24147,24281,24343,24671,24920,24977,24687,24578,24588,24524,24507,24579,24965,25029,24933,24786,24809,24940,25195,25086,24430,23951,23775,24285,24592,24746,25239,26070,26749,26871,26162,25540,25303,25504,25818,26060,26526,26795,27168,27484,27712,27944,28221,28530,28850,29138,29378,29628,29156,29228,29376,29696,30044,30757,31296,31741,31912
"United States",61504,63702,64460,65372,64205,66101,67666,67997,66759,68300,69441,69498,70531,71522,73153,74903,77187,78944,80527,82469,82904,83224,85617,88412,90053,89010,91805,95014,99025,101779,102287,103465,102685,104029,108247,110441,112932,115816,118316,120683,122076,121069,121819,123556,126371,128260,130133,133088,135108,137277,139142,139106,138601,139114,140773,143037,145693,146998,146820,141723,141175,142524,144953,146324,148650,150823,153155,155218
Uruguay,823,834,845,857,868,880,892,904,916,929,941,950,959,967,976,985,994,1003,1012,1022,1031,1036,1041,1046,1050,1055,1060,1065,1070,1075,1080,1113,1146,1180,1215,1225,1241,1326,1340,1378,1380,1371,1393,1405,1444,1466,1428,1424,1342,1315,1298,1308,1261,1254,1310,1355,1414,1482,1512,1543,1562,1644,1616,1619,1655,1648,1643,1643
Uzbekistan,2410,2463,2517,2573,2629,2687,2746,2807,2869,2932,2997,3067,3138,3212,3287,3364,3443,3523,3606,3690,3776,3935,4100,4273,4452,4639,4834,5038,5249,5470,5700,5863,6030,6202,6379,6562,6720,7045,7250,7560,7877,8255,8271,8259,8379,8449,8561,8680,8800,8885,8983,9136,9333,9589,9911,10196,10467,10735,11035,11328,11628,11919,12224,12523,12818,13058,13270,13471
Venezuela,1655,1710,1766,1824,1884,1951,2015,2082,2150,2221,2300,2367,2435,2505,2577,2657,2725,2795,2868,2942,3023,3167,3276,3432,3595,3756,3696,3774,3988,4099,4627,4792,4918,4925,4929,5097,5386,5684,6024,6102,6392,6689,6973,7090,7253,7653,7805,8272,8695,8726,8835,9403,9673,9819,10249,10506,10970,11316,11665,11914,11996,12225,12430,12789,13191,13206,13087,13359
Vietnam,13565,13737,13911,14087,14265,14445,14628,14813,15001,15190,15382,15662,15947,16237,16532,16832,17138,17449,17767,18090,18418,18978,19508,20175,20738,21569,21944,22732,22888,22907,23528,24208,24897,25768,26514,27052,28554,29228,29729,30189,31338,32015,32672,33575,34236,35252,35958,36155,37438,38604,38852,39484,40646,41660,42800,43936,44435,45663,46916,48470,49503,51161,51904,52690,53227,53323,53686,54230
Yemen,1069,1091,1114,1137,1161,1185,1209,1234,1260,1286,1313,1334,1356,1377,1400,1422,1445,1469,1492,1516,1541,1546,1552,1557,1562,1568,1573,1578,1584,1589,1595,1655,1717,1782,1849,1919,1992,2067,2145,2226,2310,2424,2521,2609,3032,2985,3072,3188,3447,3661,3801,3913,3910,4249,4241,4429,4644,4871,5116,5370,5380,5622,5838,6073,6319,6504,6821,7132
Zambia,811,830,849,869,889,910,931,952,975,997,1020,1045,1070,1096,1122,1149,1177,1207,1229,1233,1307,1399,1426,1466,1501,1536,1568,1591,1625,1661,1724,1794,1840,1872,1922,1992,2056,2140,2214,2284,2362,2402,2433,2478,2493,2500,2581,2647,2679,2754,2812,2873,2921,2981,3046,3146,3262,3387,3517,3613,3729,3738,4123,4268,4417,4576,4742,4916
Zimbabwe,1141,1175,1211,1247,1285,1324,1364,1405,1447,1491,1536,1575,1615,1656,1699,1742,1786,1832,1878,1926,1975,2028,2083,2139,2197,2256,2317,2379,2443,2509,2577,2682,2792,2906,3026,3150,3279,3413,3588,3750,3886,4029,4149,4263,4426,4523,4590,4639,4678,4716,5102,5322,5646,5948,6212,6191,6186,6249,6311,6366,6373,6519,6653,6801,6953,7125,7309,7506
