Country,1998,1999,2000,2001,2002,2003,2004,2005,2006,2007,2008,2009,2010,2011,2012,2013,2014,2015,2016
Aruba,,,,,,1.442045045,7.051710518,12.27019624,13.83814341,15.80335708,18.15203663,18.53714331,18.91492859,18.8289,18.7429,18.65689771,18.56310004,18.28875049,
Afghanistan,,,,,,,0.000832685,0.000884925,0.001950741,0.001897588,0.001849646,0.003609042,0.005282097,0.0052,0.005029416,0.004909715,0.004795317,0.022079691,0.026889758
Angola,,,,,,,,,0.043556955,0.066053838,0.087046064,0.079253328,0.076729781,0.078377681,0.098518169,0.103774201,0.306045088,0.672968878,0.523521411
Albania,,,,,,,,0.008510292,0.1622,0.315833823,2.027492802,2.919536619,3.350292352,4.065147629,5.062738707,5.75292813,6.527599404,7.596854658,8.227068256
Andorra,,,,,1.602479097,4.76051981,7.945863901,12.73161543,17.85116699,22.78945038,25.85001688,29.1651305,31.45031897,33.08675271,34.33511996,35.00972001,35.89385301,37.91723286,39.82447324
"United Arab Emirates",,0.012682952,0.065194003,0.267360215,0.515885854,0.900110232,1.534606405,3.116983535,4.935147988,6.551272504,8.201308057,8.945263859,9.320790752,9.713822686,10.37393227,11.14829466,11.55839995,12.88953223,13.29981078
Argentina,,,,0.252190834,0.393328876,0.6817124,1.417113816,2.39786147,4.061956264,6.610501641,7.85042465,8.772380304,9.977251823,11.22554546,12.53095176,15.08223447,15.57170188,16.26343491,16.93874298
Armenia,,,,0.000196081,0.000262553,0.000329377,0.033050728,0.066005134,0.0982,0.13043993,0.463444353,1.343865581,3.157959383,5.417223324,7.142041595,8.165718482,9.144970325,9.577593598,10.12594267
"Antigua and Barbuda",,,,,,,2.033823637,7.025979531,1.846238633,2.684929559,5.841896214,18.5561993,8.160902411,6.806425265,14.67401677,17.38845363,11.83019262,10.89063623,9.985551626
Australia,,,,0.630155388,1.309180367,2.590070997,5.005321616,9.824209034,18.69106653,21.6231,24.55521678,23.69181885,24.59328685,24.41455206,24.88018575,25.62273287,27.65955673,28.54145037,30.44211286
Austria,,0.635626847,2.375234126,3.982885766,5.573540832,7.381186841,10.61861746,14.24998701,17.30013302,19.51521651,20.72612399,22.43894946,24.40393415,24.87522071,25.167924,26.27971624,27.6669166,28.69325283,29.3775973
Azerbaijan,,,,,0.012077633,0.0166,0.021,0.025503895,0.045643361,0.166474309,0.675853087,1.112809258,5.226055387,10.58273509,14.71264402,18.18868169,19.94842398,19.76010603,18.58293602
Burundi,,,,,,,,,,,0.001855227,0.001792378,0.003812514,0.005209446,0.007127215,0.015094663,0.016217116,0.033655121,0.035372692
Belgium,0.106858174,0.22455567,1.404457178,4.465790195,7.886840554,11.96854719,15.51525303,19.13369521,23.15496115,25.56292539,27.68605306,29.02903684,30.82948735,32.1965793,33.3813498,34.48085259,35.99290946,36.84966063,38.00608379
Benin,,,,,0.000283219,0.000273948,0.001022366,0.002395396,0.017741099,0.0081539,0.093878579,0.206270399,0.284275229,0.383801501,0.415503315,0.411460328,0.42850094,0.673383807,0.814711015
"Burkina Faso",,,,,0.000406623,0.001145422,0.001181502,0.00286099,0.012407525,0.047291637,0.070028976,0.079145585,0.088190151,0.087919505,0.087046642,0.076540438,0.030890465,0.040246447,0.046960344
Bangladesh,,,,,,,,,,0.029844924,0.033790641,0.211834403,0.274321057,0.306484724,0.388157065,0.974057518,1.951372689,3.05024743,3.766623743
Bulgaria,,,,,,,0.08587947,2.153628979,5.046300256,8.317655323,11.24105602,13.40328493,15.22122564,17.13862118,18.29866618,19.68106352,20.65972954,22.69959921,23.25333339
Bahrain,,,,0.168300778,0.67982543,1.261174679,1.822779873,2.436744913,4.062038948,6.611401333,8.38842405,11.708639,12.3779777,22.55021025,22.41470239,22.52383515,21.3949592,18.60970519,16.81957187
Bahamas,,,,1.36598406,2.439821511,3.466466428,3.971153846,4.066389537,4.943358898,5.993293359,7.320434059,8.911061463,6.852187807,4.230054241,20.95117755,19.20906051,20.17089638,20.90522747,21.9904817
"Bosnia and Herzegovina",,,0.000704158,0.00175287,0.005464931,0.038503211,0.170760818,0.353159985,1.032216243,2.189153106,4.880864788,7.580565551,10.16404619,11.20632758,12.24327815,13.47773892,14.1814646,16.62407152,17.36897523
Belarus,,,,,0.000202987,0.00125714,0.007716057,0.016182579,0.118696194,1.77151258,5.001987798,11.46666653,17.5599906,22.2008592,26.91989248,29.7738364,28.84034987,31.35639018,33.29528607
Belize,,,,,,0.363853127,1.066631452,1.846866726,2.596913813,2.613593481,2.741326684,2.770616844,2.888899691,3.066270393,3.077516509,2.982826152,2.913838673,4.99974108,6.190103712
Bermuda,,,,,,,,28.82423562,36.74868272,44.6281,52.5074613,61.71696599,61.73884929,61.616,61.4932,61.3703494,53.05601809,45.74704932,
Bolivia,,,,,0.037655413,0.06365904,0.094943081,0.138678819,0.184808973,0.351130621,0.806520334,0.961974326,0.944686121,0.712309475,1.111898162,1.444055027,1.592812978,1.641350074,2.567407973
Brazil,0.000590067,0.004069617,0.057304982,0.187039248,0.407483497,0.531629332,1.715918235,1.737272082,2.533831747,4.00503848,5.223520654,6.062297331,7.223440846,9.055291779,9.624498717,10.66102504,11.67573652,12.24815561,12.97409798
Barbados,,,,,,10.08661813,10.88517845,11.67607322,14.11304256,17.06005205,17.72693546,20.53898482,20.03951554,22.22608622,23.61548049,23.81852419,27.1720512,27.22570457,30.07625766
Brunei,,,,0.559104018,0.79588461,1.085256851,1.735602014,2.209262809,2.392333005,3.045564178,4.353159784,5.078346856,5.417044255,5.70339867,4.814937002,6.595992187,7.149962784,8.033107838,8.325534004
Bhutan,,,,,,,,,,,0.297619478,0.479460415,1.210005314,1.814158746,2.260110916,2.716503945,3.26287437,3.589877663,3.9408867
Botswana,,,,,,,,0.085296713,0.094939513,0.184838347,0.460253015,0.51236989,0.608223766,0.962651149,1.109630672,1.068206916,1.632993833,1.791749539,2.846641795
"Central African Republic",,,,,,,,,,,,,,0.0182588,0.013369548,0.0152,0.0169,0.018737969,0.020417264
Canada,0.464490344,1.913487734,4.596255223,9.152287743,11.2358667,14.28542895,16.97056597,21.71574744,24.66653567,27.5128096,29.49455524,30.48652404,31.69731854,32.71506237,33.5550875,34.3771325,35.37816978,36.32432105,37.26995123
Switzerland,,,0.78731927,1.944233009,6.286257108,10.75408841,16.71156362,22.53077771,27.40093879,31.46964485,33.40227742,35.40334671,37.20713045,38.89147463,40.16769702,42.56208317,42.47296117,45.10760917,46.27466695
Chile,,,0.049694579,0.426637042,1.191274932,2.202060084,2.961874455,4.336974451,6.129505051,7.812816833,8.479367821,9.73812612,10.43309451,11.62001286,12.40396834,13.02614663,14.00852457,15.17200175,15.97393709
China,,,0.00176972,0.026110917,0.254646331,0.861139213,1.903186524,2.833458987,3.834644405,4.977279055,6.172412866,7.694963045,9.290704938,11.43542762,12.72147733,13.63406195,14.38408129,19.76659867,22.89671961
"Ivory Coast",,,,,,0.002442371,0.004817921,0.007123148,0.056617393,0.055713221,0.054764381,0.053759562,0.1134,0.1731,0.232699505,0.277026786,0.609749474,0.515170401,0.62605059
Cameroon,,,,,,,,0.0011137,0.002261989,0.003351193,0.004388869,0.004476733,0.028868798,0.050637466,0.063807537,0.075941544,0.07120497,0.068396152,0.191739767
"Congo (Kinshasa)",,,,,,,,,,,,,,,,0.000666532,0.000720875,0.001403581,0.001366633
"Congo (Brazzaville)",,,,,,,,,,,,0.003128797,0.006080188,0.031026949,0.032095541,0.009847937,0.010968294,,
Colombia,,,0.022236713,0.03409877,0.084646115,0.153887852,0.298895144,0.737965006,1.432612621,2.712659941,3.924626377,4.617169769,5.690697589,7.111784007,8.25637629,9.39049889,10.27718213,11.15657452,11.79775894
Comoros,,,,,,,0.000170827,0.000665853,0.0068,0.012959591,0.016941556,0.009908467,0.048164127,0.05712523,0.171845971,0.176890724,0.210382782,0.259720696,0.360259722
"Cape Verde",,,,,,,0.05975797,0.195758496,0.376395402,0.792412029,1.522745233,2.258942505,3.295932535,4.348535132,4.015566312,4.249775004,3.787648644,3.259396241,3.030048977
"Costa Rica",,,,,0.219573799,0.356688631,0.657767073,1.03964464,1.89703205,2.128505256,2.425457965,3.969510308,8.485840051,8.860497121,9.335410209,9.952103438,10.44723766,11.16941845,11.5921903
Cuba,,,,,,,,,,0.017218688,0.01988252,0.025538528,0.032849461,0.039206981,0.044477146,0.047578346,0.069218216,0.072514511,0.128407029
Curacao,,,,,,,,,,,,,,20.98691288,22.91281642,23.30561854,23.89023456,24.32157993,25.51633045
"Cayman Islands",,,,,,,,,,,33.1304808,33.70796868,33.96206021,33.24322892,33.56783047,34.7993497,39.62617769,45.66344823,40.44475216
Cyprus,,,,0.260015539,0.599973262,1.005167601,1.680415822,3.085069912,6.017662647,9.181963983,18.74455899,21.80944121,23.49341549,24.98810365,25.53304781,26.591832,28.55262541,30.91448227,33.03083857
"Czech Republic",,,0.024389297,0.06059756,0.149793373,0.339969851,2.311904295,6.930749394,10.82734966,14.47815402,16.89986281,19.41661007,21.42546013,23.64613374,24.92464623,26.68767917,27.88349632,27.34164976,27.65087791
Germany,,,0.317317923,2.512458775,3.829830761,5.334862263,8.348356001,12.86655235,17.88529494,23.63207107,27.23706145,30.01174258,31.51381366,32.88230317,33.76408109,34.62242132,35.77980739,37.19317302,38.05448002
Djibouti,,,0.000553337,0.000681448,0.000805981,0.0023,0.0039,0.005408294,0.019300509,0.136723885,0.30255524,0.643049649,0.966145346,1.334914474,1.734073788,2.02822213,2.268047518,2.686020688,2.957549309
Dominica,,,0.11481221,0.251220212,3.206028135,3.784007537,4.625666548,4.819823651,6.082897157,7.062645667,9.875428523,10.28226942,11.67816544,11.63429084,11.85759723,14.8146605,14.90855808,20.85718217,21.21012915
Denmark,,,1.255085202,4.444706728,8.405615652,13.34420613,18.84936681,24.80493539,31.89379817,34.81523995,36.49277743,36.61391489,38.05479378,38.44225815,38.93602084,40.44068654,41.51919512,42.47756381,42.75318309
"Dominican Republic",,,,,,0.165356346,0.404642402,0.649380812,1.085315756,1.807090265,2.452443259,3.192882829,3.898501687,4.177530486,4.706070215,5.062640328,5.698533776,6.441028019,6.47421232
Algeria,,,,,,0.054539766,0.107586829,0.397515932,0.492650609,0.817843828,1.357578396,2.248284117,2.428309557,2.597126783,3.000771406,3.264623716,4.006346574,5.584923796,6.919541673
Ecuador,,,,0.020522861,0.04987705,0.052079074,0.085888993,0.194423643,0.328020752,0.700849577,1.074928878,1.634765984,1.475361228,4.321803831,5.445969679,6.725512804,8.256673168,9.740478849,9.739068144
Egypt,,,,,0.074575149,0.078997614,0.11221923,0.196438508,0.354190066,0.643182973,1.019637571,1.403436896,1.859256987,2.324211721,2.835381399,3.26149297,3.679095785,4.517300321,5.196121387
Eritrea,,,,,,,,,,,0.000817515,0.001259471,0.002055334,0.002376597,0.003017491,0.002305335,0.003059893,0.007421003,0.008649452
Spain,,,0.189554715,1.144843145,3.017157,5.050306713,7.9639125,11.60519889,15.30278446,18.0363781,20.19291839,21.42007308,23.06605005,24.00950447,24.64903463,26.10878739,27.63110934,28.69316342,29.45343783
Estonia,,,,1.28812155,3.450389337,6.741557934,10.41174898,13.52338519,18.71266282,20.17678264,22.53050289,24.07010165,26.79046278,26.95608645,27.07723559,28.04021904,28.8999362,30.00475697,31.06762424
Ethiopia,,,,,,0.0000792,0.0000473,0.0000801,0.000333373,0.001287905,0.001810674,0.004123151,0.004715525,0.007106815,0.009304597,0.252991591,0.488347718,0.48311082,0.551241333
Finland,,,0.676134873,2.582719295,5.259353428,9.420294164,15.30122372,22.38119781,27.12698638,30.55404864,30.42327271,29.29680739,29.05158697,29.80098288,30.46335135,31.7010248,32.30460125,31.67966037,31.21772685
Fiji,,,,,,,,0.851080386,1.026495665,1.376599249,1.544229965,1.505022411,2.701732246,2.678815238,1.54514131,1.240203617,1.400972011,1.426415914,1.373075167
France,0.022962174,0.093387057,0.332022835,1.009216098,2.756140227,5.897109155,10.75534777,15.41379171,20.55291596,25.31711617,28.50400464,31.56707101,33.74459556,35.77893103,37.50591895,38.79219701,40.17401945,41.34472681,42.35416592
"Faroe Islands",,,,0.114564549,0.238738456,0.815599901,6.42450084,11.93726224,26.56736957,29.18634217,29.995363,32.02016129,32.63145156,32.40499687,32.97378096,33.75851543,34.98180348,36.09786649,36.24465597
Micronesia,,,,,,0.005617136,0.024395965,0.043315317,0.089888916,0.110374226,0.3946,0.6789,0.963143825,1.3062,1.6492,1.992293504,2.975852478,3.137085966,3.011355538
Gabon,,,,,,0.0129197,0.048250905,0.110912564,0.124778206,0.137005419,0.14836365,0.243358973,0.262301908,0.282302636,0.306265206,0.532388672,0.631101377,0.632823568,0.73212286
"United Kingdom",,,0.089717904,0.559207326,2.282410886,5.215760543,10.20921405,16.41801435,21.46619152,25.59604372,28.22289871,28.97405523,30.85650759,32.98080381,34.54060538,36.49218559,37.37610065,38.61345092,39.17956479
Georgia,,,,0.009183541,0.019905505,0.030887605,0.042079339,0.053404169,0.607283078,1.055901196,2.541211313,3.40824427,4.15688201,5.681096496,10.62474273,11.90839677,13.89886561,14.74192364,15.81081103
Ghana,,,,,,,0.004319548,0.008903839,0.058087882,0.071904667,0.099436875,0.11987827,0.214669301,0.262478432,0.268590866,0.265570614,0.265371483,0.271016569,0.314527932
Gibraltar,,,,,,,,,,,,31.76615301,35.66471815,38.56195749,40.90909091,42.6124,44.31566388,53.06602167,55.86242125
Guinea,,,,,,,,,,,,,0.004597264,0.005375607,0.006112857,0.0068113,0.007472664,0.008098631,0.008691392
Gambia,,,,,,,0.00258633,0.0049424,0.0113,0.017588528,0.0190116,0.018423761,0.0208254,0.025187813,0.027913858,0.02368483,0.143691257,0.181363101,0.18449059
"Guinea Bissau",,,,,,,,,,,,,0.050421524,0.061567711,0.072314882,0.085198518,0.079906152,0.058787567,0.039396345
"Equatorial Guinea",,,,,,,,0.029818702,0.028961396,0.028141797,0.027354584,0.026593741,0.170361422,0.187989877,0.201006117,0.4647206,0.498804078,0.47524807,0.487255824
Greece,,,,,,0.094962457,0.466276319,1.450083239,4.416913654,9.19387065,13.59732413,17.2698168,20.27590642,22.16368744,24.17541819,26.17895056,28.36049985,30.91035071,32.50921267
Grenada,,,,,0.551425577,0.5723,0.593249233,3.1296442,5.368971528,7.336898809,8.615248432,11.86143284,13.79195048,13.96539582,15.16832096,16.99764866,17.69564358,18.51744241,19.44724651
Greenland,,,,,,0.209758161,5.836746893,12.51558302,16.18972332,18.56310611,21.19629466,22.16761831,21.9113642,20.99918765,20.03979784,18.95169074,18.19326849,17.45962462,
Guatemala,,,,,,,,0.213787942,0.300106792,0.427994408,0.692393569,1.11516287,1.805938204,1.8322,1.858417694,2.280976013,2.734816025,2.828940885,3.03840435
Guam,,,,1.118804222,1.2166,1.3143,1.412,1.5098,1.6075,1.705288288,1.705514497,1.891300647,1.881585549,1.86,1.8384,1.816816453,1.790553042,,
Guyana,,,,,,,,0.26286943,0.2847,0.306591191,0.655375068,0.873562041,1.423817556,2.597100452,3.769445377,4.614732377,5.627260703,6.6476311,7.641123541
"Hong Kong",0.166876096,1.28429809,6.502274004,10.3940342,15.03158456,18.35867589,22.00733616,24.05645262,25.99226616,27.38288399,27.77729939,29.30490243,30.74983609,32.39689537,31.54565585,31.02823274,31.42438621,32.10247763,35.46104221
Honduras,,,,,,,,,,,,,0.013121286,0.736690735,0.772154601,0.851983924,1.910867889,2.343078641,2.562728652
Croatia,,,,,,0.077073562,0.595494335,2.647614174,5.750695256,8.858323357,12.1094895,16.49116193,19.3143565,20.64920804,21.34042125,22.25602919,23.04482351,23.17575376,24.61803304
Haiti,,,,,,,,,,,,,,,,,,0.012712507,0.012546644
Hungary,,,0.033254719,0.307803059,1.096100728,2.606040893,4.06321606,6.454945759,11.90024786,14.45723028,17.62456478,19.70595237,21.56265736,23.13965059,24.01752372,26.08914508,25.97897973,27.43098954,28.459294
Indonesia,,,0.001914437,0.007076461,0.017810782,0.028238019,0.038365287,0.048200092,0.08535732,0.33716956,0.419034913,0.784810045,0.94746107,1.122379247,1.208356703,1.301419482,1.344871567,1.557631272,1.894337084
India,,,,0.004719203,0.007653809,0.012832666,0.021159236,0.11959435,0.20117392,0.270038204,0.449490875,0.650824488,0.91156066,1.093323336,1.211477217,1.192172985,1.242699781,1.321185131,1.444284754
Ireland,,,,,0.269317496,1.042224556,3.722658286,7.756129025,13.29120154,17.68361396,20.48054339,22.13804031,22.83044373,23.67483822,24.30307547,25.70061677,26.9118345,27.70270556,28.48257535
Iran,,,0.000267027,0.000988668,0.023876644,0.027282076,0.0652,0.103,0.140891537,0.278515771,0.412876876,0.543899828,1.326240009,2.810378647,4.977062116,6.664099067,9.463216505,10.86343996,11.58205515
Iraq,,,,,,,,,0.0000926,0.000340981,0.000183487,0.000401151,0.010067056,,,,,,
Iceland,,0.029097336,0.838507329,3.669698933,8.458538523,14.33853583,19.02104581,26.29092318,29.17859744,32.8000341,34.26601679,34.1206613,34.33886091,34.64782085,34.80561088,35.64628947,35.9154697,36.95445582,37.61897066
Israel,,,,0.715626983,3.713168128,9.971991478,15.15068594,18.62032319,21.02456353,22.05606063,23.69552211,23.68774303,23.74545306,24.91312031,25.34045099,25.90149621,27.24329902,27.43850391,28.126995
Italy,,,0.201803651,0.681815404,1.478223593,3.888157848,8.108353762,11.62773872,14.38332886,17.01612183,18.83337659,20.06721021,21.6464208,22.26059981,22.60565657,22.97575399,23.53658307,24.3696921,25.42560665
Jamaica,,,,0.124186835,0.342633159,0.339992656,1.012874764,1.67775914,2.531055434,3.425509351,3.579549091,4.110438663,4.256269868,4.293401494,4.443792771,5.05824947,5.414891971,8.13606628,10.11877896
Jordan,,,,0.008458963,0.064797407,0.100250667,0.204705838,0.449496576,0.895614873,1.570372372,2.467146276,3.850253676,4.54370666,4.406556917,4.284134376,4.514587219,4.687432543,4.164044131,5.838824108
Japan,0.025545465,0.172137016,0.679837105,3.04428067,7.443559395,11.79002601,15.42691392,18.35039663,20.79573279,22.24224572,23.65520962,25.80483854,26.77740039,28.03678653,28.39488334,29.03697605,29.75510719,30.65225219,31.47121864
Kazakhstan,,,,,,0.006767132,0.013400479,0.01988836,0.200299319,1.756100349,2.166582928,3.667177521,5.4619249,7.413344193,10.06256391,11.91455706,12.93439983,13.72056451,13.68114134
Kenya,,,,,,,,0.015087024,0.048216013,0.046982563,0.008464593,0.045700242,0.016783513,0.128828734,0.125869245,0.167165344,0.223538938,0.28900748,0.329190577
Kyrgyzstan,,,,,0.000719512,0.002774754,0.03799327,0.045454717,0.054352746,0.060670429,0.366191969,0.329615982,0.432171658,0.72250551,0.99765939,2.455138739,3.034765241,3.705999567,4.076121046
Cambodia,,,,,0.000393412,0.003239431,0.005931836,0.007487034,0.021394234,0.061466669,0.119034314,0.212100698,0.248285216,0.150624455,0.200031672,0.215709517,0.429061796,0.532650926,0.606704211
Kiribati,,,,,,,,0.355926958,0.437179864,0.539608784,0.722330015,0.794623567,0.865535128,0.856423174,0.793761038,0.683921017,0.481037502,0.110842689,0.074633828
"Saint Kitts and Nevis",,,,,1.065325777,4.194718849,9.086966399,13.22778241,17.66252534,19.6941,21.72568969,25.12999942,27.88814181,23.78660022,24.26097342,24.54282076,25.58542773,29.57237793,29.31031401
"South Korea",0.030776583,0.607755179,8.417213659,16.92471047,22.42852,23.99243669,25.47244725,25.919439,29.69392105,30.92116605,32.32836279,33.94286624,35.48581435,36.64796736,37.24828904,38.03590701,38.77630457,40.24989913,41.13130234
Kuwait,,,,0.252448243,0.51263724,0.614264256,0.910553589,1.088701284,1.240979629,1.369905907,1.480263827,1.578890861,1.537649002,1.504141991,1.445933175,1.395249975,1.379559696,1.534855594,2.755303804
Laos,,,,,,0.000444914,0.00087733,0.005422538,0.012567992,0.018874897,0.047172831,0.068873996,0.092014761,0.100378543,0.114026441,0.133314091,0.16371975,0.524798095,0.341803749
Lebanon,,,,,,,,,,1.207784023,2.388865213,4.63865141,7.626859786,8.984358339,10.2469745,9.954435645,22.79819989,25.39282701,25.61726272
Liberia,,,,,,,,,,,0.00299506,0.003925222,0.004699355,0.001544232,0.012504668,0.11830249,0.136460616,0.155436767,0.173361979
Libya,,,,,,,,,,,0.786856123,1.056280468,1.205175899,1.146933109,1.093486961,1.043292444,1.004245335,0.965636022,2.641496039
"Saint Lucia",,,,,,0.865447622,2.324727762,4.231985345,4.280141717,6.510764095,8.988965693,10.60844749,11.55092814,11.90376581,13.586001,13.55329643,15.34820641,15.37063973,15.92747454
Liechtenstein,,,,,4.248839478,4.393544419,13.76397155,24.80426022,28.5485897,40.21751444,43.70187173,44.5817411,42.22037652,37.36121798,39.32780445,40.6662153,41.96913481,41.89957556,42.40882103
"Sri Lanka",,,,0.001717697,0.003073592,0.017521308,0.10360947,0.105256347,0.113693019,0.311611044,0.49833792,0.823234513,1.099852742,1.715607517,1.677876286,1.994793644,2.646679824,2.896176087,4.098086111
Lesotho,,,,,,,0.001150614,0.002336638,0.004,0.005624343,0.007098675,0.020101785,0.019911186,0.065976321,0.079744778,0.10966683,0.071608683,0.097258829,0.104104568
Lithuania,,,,0.070111763,0.584550904,1.976965496,3.871616337,7.121890043,11.38424222,17.52415607,18.77329948,20.43148022,22.13884698,23.9061689,25.39488925,27.71688997,26.6551363,27.78614917,28.70492982
Luxembourg,,,,0.276050412,1.313795871,3.43425892,8.083304543,15.3107916,21.22009657,27.01692652,29.38581191,31.34209702,33.1508117,32.87569624,32.40132584,33.27802707,34.80133616,35.9495712,36.73188091
Latvia,,,0.011975639,0.137934916,0.431543965,0.853797131,2.176912511,2.728098335,4.991173495,15.62226456,19.27307182,21.52658406,20.80229838,22.06160457,23.10883952,24.19138114,24.74142759,24.78648551,25.63563642
Macau,,,0.863843374,2.234295106,3.817178881,6.162263623,9.861255894,14.53169824,19.21956283,22.4040259,23.9531612,24.18287748,24.70530801,25.19980669,25.9699021,26.80132421,28.06313327,29.07823141,29.9996797
Morocco,,,,,0.006823274,0.009166207,0.216574189,0.827001892,1.289211217,1.556587411,1.59336325,1.533106386,1.594378548,1.856574217,2.120285256,2.556762497,2.966153224,3.379554393,3.650809834
Monaco,,,2.493687853,8.212321572,15.01852816,19.82225188,22.80933245,28.09985802,32.00558643,35.12980893,36.42885165,36.900369,37.45420003,42.72563807,43.26352484,44.66178531,46.76088898,47.89665971,48.22029947
Moldova,,,,0.005914994,0.010531514,0.015321466,0.063454114,0.275943391,0.586509475,1.437822078,3.168614963,5.207018272,7.577782853,10.05733111,11.90875434,13.45969436,14.7107512,15.54901787,16.33049773
Madagascar,,,,,,,,,0.007229315,0.012152172,0.017504078,0.02232664,0.025574572,0.03160672,0.139396788,0.165706639,0.105358222,0.097766118,0.057181677
Maldives,,,,,0.067198834,0.174899337,0.245124015,1.095518456,2.071823661,3.375627354,4.893848198,4.811362072,4.775341271,5.313226735,5.335921665,5.89844735,5.643794159,6.473807269,7.219795336
Mexico,,,0.014440627,0.047465406,0.216902229,0.396433112,0.966599943,1.736042897,2.693622058,3.967611364,6.551936578,8.281171708,8.977171786,9.689971115,10.8213066,10.42068422,10.52714187,11.78393966,12.67391803
"Marshall Islands",,,,,,,,,,,,,,,,2.439487784,2.599863564,1.887041685,1.875785485
"Macedonia (F.Y.R.O.M.)",,,,,,,,0.595011397,1.742524719,4.793763295,8.62467475,11.08196013,12.30801212,13.38306661,14.8307232,16.06362693,16.79417046,17.18245007,17.87658467
Mali,,,,,,,,,0.025029319,0.025146105,0.04012696,0.060799617,0.057336067,0.058834395,0.029083913,0.019011022,0.018962183,0.021520935,0.034617706
Malta,,,0.40635145,2.238240499,4.306772588,5.521260837,9.110535615,12.39526748,12.71004167,20.06067265,23.33886254,26.87716378,29.63921288,30.1808817,31.73665853,33.33535352,35.23385083,37.84560302,39.62464925
"Burma (Myanmar)",,,,,,,,0.000484247,0.007843553,0.012721095,0.019531396,0.045090763,0.04419306,0.041829381,0.0466,0.0513,0.056,0.060779929,0.055394164
Montenegro,,,,,,,,1.244681888,2.0671,2.889608287,6.425129597,9.578339318,10.42852673,10.42658916,14.1314901,15.40450897,16.71053605,18.08268282,18.48166124
Mongolia,,,,0.00202507,0.003683647,0.020254436,0.03605411,0.071244749,0.136745672,0.284963631,1.234563212,1.499762557,2.829392297,3.41484615,3.93941106,4.921641677,6.845490844,7.117462924,7.63054255
Mozambique,,,,,,,,,0.010195802,0.028717171,0.048918123,0.058850157,0.072277751,0.115428894,0.116801725,0.111683351,0.139708504,0.156958453,0.144932226
Mauritania,,,,,,,,0.005212697,0.030052077,0.120118785,0.17166725,0.192686338,0.160939985,0.16528198,0.176415997,0.193630652,0.200780182,0.236212522,0.254734895
Mauritius,,,,,0.023770363,0.098325722,0.212136982,0.445103368,2.293019914,2.879728782,4.292442959,5.940052541,7.631846027,9.574381939,11.35889677,13.05043463,14.56989587,15.74688831,16.90481302
Malawi,,,,,,0.000563784,0.001097931,0.003125787,0.005,0.006810679,0.00697401,0.007095149,0.007226736,0.011191956,0.00778299,0.053640728,0.050870086,0.033826949,0.04882714
Malaysia,,,,0.016718395,0.079061858,0.443548008,0.995462701,1.869331304,2.85257418,3.86069586,4.868812016,5.590435002,7.419055883,8.716237662,9.989423024,9.889300607,10.13982558,9.995766557,8.74052135
Namibia,,,,,,,,0.00661067,0.009644747,0.012303552,0.015160194,0.022253345,0.433003345,0.794095286,1.064577964,1.551676605,1.755204882,1.930763218,2.1912609
"New Caledonia",,,,0.061705599,0.321513871,0.753278659,2.286216946,4.197381883,6.715393191,8.612101454,10.63154422,13.63419313,15.50294465,17.12145597,18.92121428,20.89701204,22.4382659,21.04185113,
Niger,,,,,,,0.000605875,0.001608034,0.002536604,0.003395014,0.004186487,0.006534689,0.009437674,0.012803227,0.021384805,0.035892003,0.049636354,0.057088349,0.067888574
Nigeria,,,,,,,,0.000358202,0.0184,0.036412096,0.044823002,0.052746468,0.062055837,0.0353,0.008457431,0.008665709,0.008817092,0.007896539,0.014891556
Nicaragua,,,0.013723015,0.03098508,0.044183404,0.082796183,0.092846684,0.193099489,0.344656138,0.492357028,0.762387608,1.369902368,1.258611637,1.44098046,1.690863061,2.165734339,1.805870355,1.858991674,2.791422884
Netherlands,0.48125677,1.0603,1.639358423,2.922844797,7.299209194,12.32187591,19.7640593,25.14991496,31.70651741,33.49176493,35.17288001,37.00800457,38.09152836,38.98911966,39.81089407,40.526924,40.77378418,41.73008565,42.16312001
Norway,,,0.518682546,1.961161294,4.525522925,8.744668052,14.63820851,21.43740966,26.65536372,30.86719564,33.01483505,34.49873843,35.23341983,36.1198393,37.20005006,37.89103037,38.82872172,39.71267249,40.37083807
Nepal,,,,,,,,,0.003756723,0.042223471,0.04571531,0.064336171,0.224156165,0.348559143,0.83939301,1.120451414,0.891164315,1.064340033,0.779583579
Nauru,,,,,,,,,,,,,9.476309227,,,,,,
"New Zealand",,,0.120735131,0.441971047,1.097947797,2.064314078,4.699472307,7.764656878,11.2353107,20.15293189,21.3866578,23.64906206,24.99922164,26.68827707,28.52112581,29.20705293,30.97982598,31.56603565,32.39907664
Oman,,,,,0.004202028,0.00569247,0.027110379,0.524912531,0.785352097,0.785177016,1.251078167,1.544406329,2.089220371,2.585879143,3.419552378,4.247553438,4.509445072,5.609576065,6.190953212
Pakistan,,,,,,,,0.009242178,0.016538248,0.027544354,0.100643033,0.230242691,0.455957357,0.662045266,0.846622047,0.89386286,1.084995545,0.953099019,0.859311935
Panama,,,,0.249357514,0.384936054,0.46405137,0.506942227,0.521906434,3.28825154,4.304827739,5.521066673,6.482051503,7.0223766,7.56207687,7.751636452,7.951668793,7.897698864,7.928250347,9.548675545
Peru,,0.000292837,0.004146141,0.072,0.139921913,0.346865296,0.830576877,1.271934588,1.729886188,2.012883886,2.534662296,2.86049054,3.186646678,4.091749531,4.81123657,5.309563731,5.74296395,6.416508727,6.721873355
Philippines,,,,0.012610697,0.025940769,0.066582183,0.105661398,0.143321207,0.303354007,0.558253661,1.157133017,1.874496117,1.8793,1.884203303,2.219699958,2.614804906,2.897204314,4.783941598,5.457909609
Palau,,,,,,,0.373643019,0.502335862,0.484709174,0.5167,0.548744315,0.697994495,1.167562286,2.513830923,4.326876747,8.62893202,5.261411575,5.748907989,
"Papua New Guinea",,,,,,,,,,,0.045596948,0.066414818,0.08893496,0.106944597,0.128365943,0.154344975,0.176562457,0.196545542,0.21827333
Poland,,,,0.031319536,0.317874246,0.511764235,2.291313472,2.473827836,7.621981401,10.92981784,11.6855642,14.65167284,15.33688245,18.24945259,18.02541074,18.39789139,18.92661232,19.00901334,19.22085468
"Puerto Rico",,,,0.063879213,0.599041618,1.435565849,2.287294929,3.144469647,4.006466542,4.873130063,11.43372551,12.91522669,14.8670866,15.08226812,15.51673593,16.31014462,16.56894979,17.99640114,18.67599019
Portugal,,0.002893741,0.244066868,0.959513693,2.506736003,4.809162843,8.001157078,11.08784758,13.51169593,14.46631467,15.47252046,18.0690491,20.08244355,21.16545125,22.54641825,24.16401116,25.66846341,29.61530494,31.82308278
Paraguay,,,0.002803606,0.005493881,0.008974452,0.008799176,0.052646751,0.094848217,0.099754255,0.14040163,0.205259617,1.219951593,1.385400391,1.827160013,2.035960075,2.301811374,2.67615303,3.140335865,3.350441407
"West Bank and Gaza",,,,,,,0.000515797,0.209643311,0.74672374,1.493875561,2.0681,2.6424,3.2166,3.790871565,4.417874305,4.924883763,5.30027538,6.034538666,6.872838969
"French Polynesia",,,,0.010361578,0.013059519,0.380628963,1.807307862,4.315688705,7.074818318,9.064337593,10.52621568,11.31448465,12.02954507,13.2903121,14.68149912,16.2192818,17.77476013,18.35735808,19.35945827
Qatar,,,,,0.036205131,0.453018457,1.515166238,3.118640848,4.833908983,7.60747237,7.812221786,9.255269225,8.332052171,8.613785532,9.028321679,9.936352783,9.904820108,10.11567936,10.76591884
Romania,,,,0.026893659,0.071012627,0.883297018,0.470548935,1.705266124,4.939858581,8.867212874,11.46098045,12.83512108,13.72551423,15.05415373,16.27847466,17.46782106,18.55741138,19.75111127,20.67787954
Russia,,,,,0.007559056,0.236748235,0.467673856,1.103986143,2.017882292,3.411012127,6.458930705,8.977676423,10.93178398,12.29436224,14.6143373,16.62447156,17.51313356,18.9175332,19.46634479
Rwanda,,,,,,,0.012404938,0.012513976,0.017638024,0.025614055,0.01095573,0.021026304,0.03637628,0.077573184,0.047984775,0.023614782,0.02410734,0.169979011,0.170231342
"Saudi Arabia",,,,0.067012598,0.159366113,0.201213592,0.288180437,0.274596258,0.85991073,2.404402842,3.975133767,5.365345126,6.279160979,7.029306677,8.979652222,10.12769838,10.32446733,11.92389753,10.80958193
Sudan,,,,,,,0.002114461,0.0033038,0.00524528,0.105266717,0.107750422,0.0694,0.03099747,0.04784397,0.066645429,0.067713604,0.053664935,0.069883241,0.064123281
Senegal,,,,,0.011549511,0.022326249,0.069887873,0.159952784,0.249729667,0.320303093,0.386949986,0.466519481,0.607286293,0.695482928,0.696203219,0.755189171,0.710481063,0.672198851,0.639073483
Singapore,0.267699129,0.78480102,1.761017654,3.753152897,6.527669218,9.803124308,12.46053801,14.5966989,17.07514233,19.56862385,22.092629,24.84735045,26.35180486,27.12154021,27.01732367,27.59557606,26.71692494,26.45017696,25.44654773
"Solomon Islands",,,,,,,0.043684623,0.095886266,0.135206814,0.20319091,0.297890341,0.388376663,0.47906057,0.451675381,0.387919898,0.335690651,0.233039198,0.242950168,0.213395607
"El Salvador",,,,,,0.325092224,0.484620838,0.696809143,1.008481321,1.465975889,2.00704642,2.416210667,2.818727943,3.292711503,3.844447402,4.485924825,4.995729784,5.493322287,6.007802944
"San Marino",,,,,,2.090592334,3.67360874,4.097397145,4.912047793,5.26385094,16.0398049,17.74056942,19.41609151,21.05771708,31.68944219,32.53307047,36.98201473,36.60461606,37.56809217
Somalia,,,,,,,,,,,,,,,0.392344034,0.571669054,0.647809188,0.737230339,0.803762026
Serbia,,,,,,,,0.407249048,1.49260027,4.026393004,5.695465551,7.411935683,10.86650128,12.4134366,13.71315027,15.23280802,15.56662123,17.37876703,18.94738964
"South Sudan",,,,,,,,,,,,,0.0000193,0.0000385,0.000156862,0.000885256,0.000851882,0.001234332,0.001197048
"Saint Thomas and Principe",,,,,,,,,0.078712391,0.188506029,0.204454007,0.255714616,0.328231254,0.402343089,0.41361418,0.506754131,0.555886842,0.647989703,0.686151772
Suriname,,,,,0.019579295,0.044365299,0.085124667,0.221611417,0.525746953,0.823810373,1.116863159,1.743458426,2.884600731,4.371782747,5.47535175,6.878666953,8.530587857,9.607151713,12.88137494
Slovakia,,,,,0.075780734,0.416914079,1.46174943,3.367121773,5.643740055,10.11269918,11.16601181,14.28663067,16.13993132,17.51936904,19.19824921,20.34889215,21.84052742,23.33891363,24.47242172
Slovenia,,,,0.276419136,2.850876091,2.912168921,5.769090003,9.830784528,13.92777432,17.06190017,20.9249829,21.96553451,22.90525121,23.97592184,24.63277131,25.31958299,26.77862509,27.36905899,28.2503192
Sweden,,,2.806492669,6.604080534,9.426386431,12.24591954,15.69931776,27.928621,27.38271118,30.35539851,31.43444502,31.63264966,31.97017745,32.04011233,32.31072303,32.88664162,34.07038808,36.06645552,36.2831678
Swaziland,,,,,,,,,,,0.066901863,0.128144176,0.306583928,0.661959363,0.278557415,0.336130688,0.402302115,0.466737559,0.537284885
Seychelles,,,,,,,0.406992338,1.088479115,2.805804331,3.918818857,3.800805321,5.027766431,7.447811595,10.252835,11.45453167,13.36844826,12.67549782,14.31405593,14.90104897
Syria,,,,,,,0.003394431,0.014861812,0.027748066,0.035564799,0.054334855,0.164785794,0.324237889,0.55631068,1.106247226,1.580715297,2.279541439,3.143948465,4.011871871
Chad,,,,,,,,,,,,0.002611833,0.002824044,0.130786023,0.156279937,0.114531309,0.076685247,0.08332583,0.074738122
Togo,,,,,,,,,,0.020583375,0.031916541,0.067800946,0.431730726,0.525917818,0.624619144,0.10143785,0.180316889,0.880069538,0.607036414
Thailand,,,,0.002557514,0.0103,0.018004806,0.253159598,0.84731444,1.356245111,1.957326193,3.131809854,3.959540618,4.897195152,5.850427446,6.76648938,7.748039255,8.092471722,9.241737473,10.6883505
Tajikistan,,,,,,0.000153149,0.0129,0.0257,0.0385,0.051258433,0.050280045,0.059081053,0.061620547,0.064236678,0.067424232,0.070664197,0.072541782,0.069683303,0.068094997
Turkmenistan,,,,,,,,,,,0.001525152,0.009339296,0.014339562,0.021540464,0.02706396,0.034350673,0.04333759,0.055829669,0.073547434
"Timor Leste",,,,,,0.000964249,0.001344382,0.002209681,0.002848687,0.004827625,0.006760334,0.044258972,0.046319885,0.05016907,0.05385484,0.061789476,0.089202118,0.087663345,0.086122542
Tonga,,,,,0.011101804,0.022068191,0.332937928,0.638866878,0.622927266,0.762545337,0.70036038,0.965651767,1.056696574,1.243376628,1.429374601,1.614082394,1.701612751,2.310606417,2.800126939
"Trinidad and Tobago",,,,,0.013774504,0.068854431,0.328043156,0.832965157,1.581384573,2.709153919,6.490718592,9.834043847,12.26192403,12.92628661,15.05937841,15.84445003,18.35542149,19.97219865,18.94118546
Tunisia,,,,,0.000266677,0.002630156,0.02854021,0.174832202,0.431534954,0.93358609,2.187642545,3.54751939,4.535475078,5.201843231,4.848847094,4.728625387,4.486233076,5.108716781,5.648053663
Turkey,,,,0.017028002,0.032611889,0.302288815,0.864575525,2.346761702,4.041720892,6.840281325,8.181747781,9.054167904,9.839762223,10.39078637,10.63415326,11.86851402,11.69133624,12.39344232,13.55059996
Tuvalu,,,,,,,0.518349575,1.547348876,2.568845047,2.765260139,2.962811606,1.019575856,2.442250941,4.571312475,5.578093306,7.087889834,9.096422074,10.08471158,10.05833836
Tanzania,,,,,,,,0.00666849,0.007505818,0.008253953,0.015162752,0.015918972,0.016796621,0.060982072,0.086484539,0.114561256,0.16667501,0.202712539,0.254405311
Uganda,,,,,,,,0.002959108,0.004072511,0.006052964,0.015098116,0.018256877,0.041191962,0.101041127,0.105651648,0.110434383,0.142099458,0.201099806,0.261064853
Ukraine,,,,,,,,0.27579809,1.109420241,1.714781176,3.443722578,4.123207433,6.418779324,6.921824579,8.005667655,8.834340341,9.293523561,11.80934808,11.98652729
Uruguay,,,,,,,0.812317868,1.4597515,3.200452103,4.94305029,7.301834813,9.447716677,11.37458622,13.9759999,17.10237794,21.63382997,24.57842088,26.2662912,26.78952985
"United States",0.253871909,0.978713139,2.484192986,4.449168654,6.849325177,9.47284105,12.6409914,17.15701483,20.01632123,23.60339927,25.15186724,25.84623436,27.06894497,28.04499973,29.13778444,30.00493209,30.32087809,31.43196373,32.36960518
Uzbekistan,,,,,,0.010788948,0.021385026,0.031757306,0.032797159,0.071918842,0.244086563,0.323935676,0.424930148,0.524869754,0.772824116,1.058612429,2.797791094,6.017469175,9.128153275
"Saint Vincent and Grenadines",,,,0.07500764,1.004160888,1.057654149,1.215895065,3.353594056,5.158482389,7.310743271,8.578390956,10.53281952,11.43656921,12.11536527,12.44914193,13.35247273,13.45512064,15.50642749,19.98829864
Venezuela,,,0.018326294,0.1473074,0.308487274,0.45352563,0.800450823,1.332782207,1.97723634,3.101728211,3.96553566,4.903425248,5.760629747,6.154574691,6.799278326,7.345554332,7.779508983,8.244989519,8.23271469
"British Virgin Islands",,,,,,,,,,,,28.97294853,25.26907394,26.32888568,26.47037881,21.81292121,22.38288635,23.125,
"Virgin Islands (U.S.)",,,,,,,1.373641631,2.753136367,4.146,5.538855073,6.944600517,8.448324416,8.554078698,8.5475,8.541,8.534423739,8.521237546,8.418610742,
Vietnam,,,,,0.001303489,0.011013454,0.062636473,0.247238741,0.602429513,1.495162495,2.345166179,3.644194002,4.120638136,4.268754452,5.259460934,5.620190888,6.483694578,8.199909345,9.910908178
Vanuatu,,,,,,0.007539507,0.011267054,0.028179104,0.04425727,0.05909064,0.088731932,0.216606811,0.211596325,0.139384063,0.125373086,0.122644533,1.768866555,1.628342327,1.625440123
Samoa,,,,,,,0.017897692,0.036125561,0.054121818,0.071334504,0.087220078,0.108281358,0.107510119,0.3407,0.573882015,0.650305717,1.053531494,1.078518641,1.229491344
Yemen,,,,,,,,0.00743806,0.013459677,0.051930488,0.119795954,0.242919078,0.369019771,0.467726727,0.70139666,1.052140744,1.361715326,1.546891207,1.64860435
"South Africa",,,,,0.005778583,0.043339922,0.126174938,0.342674412,0.685029417,0.762054093,0.847466259,0.945184357,1.444054491,1.745941759,2.113545014,3.060493447,3.211005186,2.634720283,2.841486292
Zambia,,,0.000207901,0.000299166,0.000451747,0.000835282,0.002237207,0.002179595,0.019852971,0.03303159,0.045783227,0.083446192,0.077680348,0.120399337,0.106564082,0.092491457,0.136615387,0.150712608,0.198230198
Zimbabwe,,,,0.006125483,0.022522091,0.050390185,0.070644976,0.08013004,0.08016153,0.119386256,0.14080055,0.365662967,0.252351881,0.25451506,0.523924068,0.734406962,1.042746839,1.089896905,1.103375138
