Country,1990,1991,1992,1993,1994,1995,1996,1997,1998,1999,2000,2001,2002,2003,2004,2005,2006,2007,2008,2009,2010,2011,2012,2013,2014,2015,2016,2017,2018,2019
Afghanistan,0.834998383,1.573444776,1.751057213,0.713929569,1.351071291,1.098344226,1.071397212,1.446485552,3.398517888,2.876190288,1.60502158,1.279619033,16.51811731,11.83659709,3.979243783,2.704846765,1.970866367,1.843228948,1.137309619,1.035126897,1.563001881,1.553016046,0.360123305,0.525028869,0.825492991,0.986477154,1.329907914,1.323444627,1.508559542,1.663685222
Algeria,0.040922195,0.038974879,0.048927639,0.046821964,0.032475632,0.025282121,0.019239566,0.017090469,0.007541813,0.003498142,0.001400163,0.000845742,0.000727468,0.000624516,0.000545577,0.000442524,0.000407153,0.000426639,0.000117678,0.000110968,0.00020397,0.000104709,0.001290112,0.000128124,4.35322E-05,0.000312391,0.000169447,0.000112479,7.63011E-05,0.000204232
Angola,43.36339656,44.47093452,45.57834729,47.21025132,49.07725813,50.37740585,51.15005616,53.42705645,57.14743922,60.34832839,62.12195906,67.95974334,70.52992753,77.39550814,84.31832603,85.61681954,80.38577426,73.06916475,59.09442863,47.58755494,40.90401401,35.8056968,33.45571475,33.0614531,33.96529048,35.58822636,38.40587137,39.72777081,39.92905158,39.10663894
Argentina,0.02895574,0.026982482,0.025560733,0.023903596,0.022266505,0.02095364,0.019941315,0.018993323,0.018062316,0.017016663,0.015608228,0.0147085,0.013845159,0.012775523,0.011605986,0.010721069,0.01003949,0.009670001,0.008937295,0.008367552,,,,,,,,,,
Armenia,,,,,0.030050361,0.0268,0.023564921,0.021057769,0.018617389,0.016826276,0.015528019,0.014467246,0.013590973,0.012970493,0.012368552,0.011889051,,,,,,,,,,,,,,
Azerbaijan,0.035114342,0.03474542,0.036073918,0.03528581,0.034270573,0.030821354,0.028485157,0.02646903,0.024630607,0.022844844,0.021240872,0.019860769,0.018924126,0.018227381,0.017229646,0.016515566,0.015358696,0.014152453,0.013368869,0.012498204,0.011778278,0.011076364,,,,,,,,
Bangladesh,39.92237634,41.33675787,33.78749345,30.83380216,26.17858122,21.08526638,16.23340172,18.28519225,18.08471882,17.6790252,7.822068271,7.573889222,7.335641518,9.507819402,10.12352409,5.820035639,2.751915865,2.991373734,4.989645289,3.040932799,3.637076031,3.668467488,0.768351441,0.334361463,0.909762108,0.607275748,0.390392788,0.371572188,0.100973373,0.070591562
Belize,0.689591818,0.197809316,0.191208651,1.206316008,0.106199808,0.344475835,0.19936413,0.167737479,0.357918002,0.107490702,0.045134932,0.010395836,0.0089,0.0074,0.005908154,0.028200189,0.007715704,0.0054,0.0032,0.000871584,,,,,,,,,,
Benin,93.87399924,95.14000703,95.00250928,95.18214216,96.74756396,98.22460453,100.2225455,101.9571516,103.4161082,104.9168434,105.2247067,125.1442442,129.0348505,145.1714022,160.6512053,169.6928821,169.5402705,175.6403615,163.3061154,150.5830863,139.8804059,131.0985214,130.5635648,129.5169468,127.7951516,125.7253473,129.0342844,121.6610962,129.0185422,121.6711466
Bhutan,98.57167902,81.32292906,70.59417509,57.48433988,50.32069366,37.55854225,33.63316062,33.01034256,24.773612,34.46711165,14.20620336,16.03337464,16.58799071,7.840043873,4.632983908,3.880811408,2.8772802,1.52419547,0.696591061,2.257163136,0.489883902,0.349964832,0.109804752,0.043846161,0.097947022,0.061932054,0.004924106,,,
Bolivia,2.203926446,1.785557474,1.810043088,1.099401214,0.895019947,0.500991226,0.466901338,0.321773156,0.20077209,0.208958883,0.461377253,0.113827635,0.085812017,0.076058028,0.058464739,0.092102614,0.142230761,0.128559138,0.072093593,0.053305717,0.149351235,0.046802508,0.050376645,0.082845065,0.042518506,0.006458742,0.000712948,,,
Botswana,1.012446992,1.331603526,0.445722492,4.392561644,2.246733892,1.515863776,6.125654415,6.967884938,3.593771041,4.117228333,3.565774396,2.013820388,1.039183764,0.76995725,0.584856207,0.266705916,0.539813927,0.444347995,0.683749767,0.633078594,0.554709652,0.157148958,0.059507776,0.13565859,0.35215958,0.065146486,0.174459307,0.5135989,0.532904776,0.633786145
Brazil,2.742726149,2.659551581,2.610301947,1.984119277,2.056191543,1.998650351,1.42013143,0.988172062,1.016727424,1.046538403,1.036454531,0.545817585,0.472394959,0.436957165,0.470696146,0.57831658,0.522963107,0.386195886,0.211010404,0.199166022,0.189231671,0.154778883,0.143036189,0.105196989,0.073840107,0.055093096,0.046338345,0.058157009,0.057057934,0.05522535
"Burkina Faso",183.564047,192.899858,199.4486641,204.098901,209.1527796,214.2720284,219.5748163,224.6118993,230.0177123,233.8969806,235.1280646,256.0098587,260.7306065,271.0810408,264.2504189,256.3254614,246.0563106,250.9358098,251.8883582,252.3927112,248.9223569,240.2092562,235.0323189,219.6626647,202.955493,179.9765138,156.7401656,132.3812132,122.7333671,125.3976774
Burundi,166.4718781,172.3812878,178.8035142,162.3572175,171.2062508,178.4913247,179.7035792,175.7448016,176.4206733,175.0496047,169.4050469,163.8770605,153.2333487,142.4108912,122.3964836,100.0979206,87.78023194,81.18326933,76.59488774,76.95418631,68.12117025,63.95205647,50.82548752,45.85920834,43.03035775,46.62120424,58.40547719,60.53854329,50.1961594,48.46750008
"Ivory Coast",174.9531704,181.0220183,182.9920511,184.5787693,185.2776677,186.5839955,186.9072034,187.6462632,189.3715896,191.2299657,185.5256749,204.4578551,206.4826816,222.4863932,228.446096,232.4266902,232.6696139,241.2125906,233.1885188,224.0891083,210.548921,195.8268725,177.0370639,149.3598742,141.8902425,135.7236744,150.7969629,150.4071965,137.7908022,143.4485709
"Cape Verde",0.002715026,0.003280705,0.001457344,0.001567424,0.000782832,0.004541758,0.002439625,0.000646348,0.000982788,0.000731756,0.165304574,0.101387362,0.06926941,0.054787099,0.034118796,0.046121498,0.055036275,0.010829827,0.021093333,0.051746453,0.035435716,0.008083339,0.000553973,0.009522931,0.011771747,0.002718102,0.037291933,0.217519493,0.327631015,1.660517883
Cambodia,6.263595127,5.08615731,4.547435662,5.181030874,4.603975953,4.15578615,3.953888608,4.607038899,3.444122306,3.47164648,7.72420224,4.823810351,4.890230465,7.056761631,5.680212857,3.652067763,6.071394373,3.235568042,3.52122311,4.278624371,2.335892786,2.200950141,1.003434039,0.561376159,0.780996141,0.897606898,0.60742195,0.973790901,0.416602845,0.355493754
Cameroon,99.64089395,108.1076789,114.2061827,119.5904192,125.4322943,130.9992931,136.5251384,143.5521962,149.7641881,154.5703301,151.3893565,163.0207984,164.4190757,178.0901385,186.0115424,183.0606644,166.4410189,165.4293439,147.1418702,134.1691119,125.731618,116.5805891,105.3395269,101.4801351,103.1458124,101.2639042,109.785206,108.5152977,104.8391579,105.21928
"Central African Republic",59.93742688,63.25376389,65.19618859,68.9687928,72.61796353,76.75063291,83.4067282,88.52695671,94.32201898,101.6590003,107.3033515,113.4968411,119.97768,129.9808025,137.1888622,139.6367603,141.4471298,141.2070024,131.4326249,122.5097344,115.1590725,108.0824552,104.0677595,103.1308428,101.7948433,98.50556539,94.8594954,92.05249647,90.61043688,85.87880885
Chad,68.48202795,68.73500944,69.91477028,71.46329138,71.95092989,73.13937752,75.76905842,77.30988408,78.55157848,78.99881434,76.92647395,74.42089371,63.23207554,63.74593989,59.91981828,61.31655499,63.62038592,68.32975914,67.92981536,68.64455255,65.32139842,59.55144534,54.69009493,50.97807297,48.73838732,47.34199985,48.66511116,48.1261868,46.73793453,48.88074576
China,0.129614729,0.188599337,0.174003353,0.108177753,0.092722714,0.085723134,0.073798254,0.075349514,0.043901026,0.089451866,0.009431221,0.002741404,0.004645364,0.003333986,0.003667369,0.003227133,0.00255122,0.001497925,0.001019143,0.000653087,0.000859325,0.000760255,1.39146E-05,6.46517E-06,1.06804E-06,2.1697E-07,,,,
Colombia,3.634728353,5.830334745,6.45272311,3.602054938,2.728303995,5.087212002,3.138026153,4.725400179,5.263061398,1.383269973,2.08551987,3.476232338,2.310986669,1.698821723,1.04529023,0.747195506,0.743260808,0.803686472,0.301020699,0.295872481,0.450325568,0.234455991,0.347909581,0.258799007,0.269914994,0.297251941,0.402789616,0.274784588,0.122427399,0.118018608
Comoros,114.5727226,112.9537644,71.8844303,69.77014665,46.10343796,36.31736538,29.6477821,31.93584211,54.66032753,52.98742607,32.52263795,32.57160993,34.04790348,45.35250687,63.76589905,42.98826992,87.45975362,39.80665225,33.23837136,70.04214254,93.84758512,79.86156699,76.461153,64.43934661,4.224711002,2.16759839,1.666682243,3.338026197,21.19106605,27.41914386
"Congo (Brazzaville)",74.82827515,76.81594927,78.34025643,79.4914341,83.57526524,86.5981699,89.55571487,92.95973159,92.54695083,94.06878816,91.43480998,89.08190954,82.20106622,82.93627868,81.47765086,78.50691241,71.37900912,64.98048546,56.44041439,50.63407718,48.97646299,49.62654833,49.99762413,50.38115073,51.00750817,49.10721848,50.37680172,51.88281726,51.02851721,48.6659634
"Costa Rica",0.024688827,0.022754313,0.021707004,0.020338654,0.019690995,0.018995632,0.01709309,0.016274025,0.015443263,0.014665314,0.012984491,0.012301342,0.011516071,0.010792383,0.010051786,0.008856811,0.008560793,0.007388121,0.006989086,0.006542825,0.006749964,0.006241747,,,,,,,,
"North Korea",,,,,,,,,0.025571935,0.024554233,0.023447509,0.022313698,0.021206133,0.02001894,0.018781118,0.017644111,0.016599537,0.015566987,0.014717896,0.013824937,0.012969788,0.012149463,0.011349774,0.010585391,0.009905877,0.009265467,0.008680046,0.008116766,0.007518199,0.006974524
"Congo (Kinshasa)",121.9837731,122.3482484,121.8126482,120.82598,120.2043062,120.2777169,119.24406,117.073739,115.5932808,114.80695,114.2625139,114.9989001,113.3162188,116.1376203,115.6663321,114.3244834,112.3791072,111.5501113,105.9856255,100.2526461,92.90460129,85.48125041,76.64736426,68.7664418,63.0374424,60.14630112,61.29354957,60.81406212,54.4102588,53.83769592
Djibouti,15.63834082,30.91641682,30.40306252,3.575433363,27.16804827,4.850577398,4.957073768,19.57054051,4.630209946,4.611071844,3.439643813,3.158895138,3.815319249,24.37581347,2.25313883,4.267585153,14.05035404,2.28693009,1.221760346,10.48531079,3.319223822,0.103776757,0.048780684,2.78625208,19.68833855,15.48603375,20.03319815,14.78019068,9.03971176,9.526602765
"Dominican Republic",0.102827717,0.10351402,0.177719021,0.248224267,0.381714758,0.436296311,0.352368949,0.188178768,0.413824278,0.674339799,0.245969296,0.183614612,0.198078685,0.201419668,0.247847983,0.378852796,0.326959922,0.298056806,0.235277259,0.232633527,0.457946237,0.230490643,0.135492223,0.061509821,0.056670725,0.069653608,0.068039601,0.030218761,0.04178836,0.045963817
Ecuador,7.871204203,4.932599833,5.572801181,7.034643537,3.187230793,1.295459912,0.542656547,0.858057064,4.877017737,10.23842463,9.507480629,6.8189703,3.207632401,1.619651811,0.763429522,0.247620706,0.156849278,0.103136878,0.031048026,0.039485169,0.017775215,0.01950859,0.004035137,0.010339672,0.001972916,0.007826759,0.016167736,0.011089573,0.009980554,0.005643766
"El Salvador",0.045610775,0.042310456,0.039643734,0.037449183,0.036892906,0.032134927,0.029969639,0.028401215,0.027027998,0.02446012,0.021992527,0.019972102,0.018694306,0.018033439,0.017612164,0.016820787,0.015372591,0.015015398,0.013474632,0.012661279,0.011375301,0.01081879,0.009411581,0.009269123,0.009755847,0.009334863,0.008603526,0.008025632,0.007533005,0.006905363
"Equatorial Guinea",96.29420637,108.1469275,116.9833156,124.6694813,131.5846865,138.7968072,142.8077078,136.3853293,135.935143,136.9590827,132.5566108,129.4476602,123.3679379,126.8546656,114.2652867,103.6678855,95.91118011,96.47215575,96.35938433,86.14181568,87.80732496,87.13906802,89.61339008,87.84485438,86.49945862,82.47661531,77.22889879,72.56555669,68.86845036,73.51723117
Eritrea,22.63128623,20.19987486,18.63297627,21.55441161,22.58193348,14.06256934,21.81339204,21.00848663,34.804801,20.49120333,14.40956689,31.72974716,6.597236913,8.018384859,2.415598048,3.841442775,2.413883774,3.293453698,2.041865055,2.397264718,7.419468554,10.13685038,5.886014194,4.223711958,5.910935711,4.500536073,6.40129052,6.531788867,6.854478057,6.023698093
Swaziland,9.274454278,6.155551604,4.721679707,4.397432194,4.99223662,5.868544096,7.244933499,6.866254965,9.47069055,6.888870816,6.489736087,5.595016197,2.796669027,1.10927756,1.788507048,1.106217918,0.728195973,0.793988288,0.676973591,0.728179928,0.428696673,0.422117418,0.445511182,1.00903536,0.366462443,0.025530373,0.122937456,0.812383157,0.597429886,0.798182147
Ethiopia,7.336904214,7.73277608,4.158974765,5.222979053,5.817442122,6.154910342,6.407015687,6.321113725,7.033904496,6.616357949,13.49890099,21.41589593,21.88935084,27.19053697,32.51978284,24.25091087,21.254678,17.70384175,13.48910062,16.81382306,17.07249555,13.1172439,13.36772667,13.49094383,7.46780408,7.379587755,5.652371042,5.263950629,7.224452301,9.116782268
Gabon,86.13102269,90.06409585,91.50194496,87.77079547,86.77117808,86.98314733,86.41178394,86.39471433,86.35758522,86.61702932,83.20149987,84.67105797,78.58458026,71.79598948,60.14911399,49.01487402,40.85989698,37.23136123,38.29509098,43.81025573,49.88998769,57.9661731,63.9984171,66.11736035,65.66761104,59.43958036,56.8912772,53.03215,50.60800056,48.41172192
Gambia,168.8028126,164.6675401,144.7277589,170.574445,184.8792584,123.3946669,181.7113591,177.8738727,142.5743685,89.24303593,138.8856703,162.5567605,151.0953268,134.9921414,80.18689545,68.14716847,80.6655277,83.53645429,109.3927081,96.35451258,107.0436797,164.3211283,161.0553787,144.558321,96.94907849,111.5977021,78.03543598,42.35123381,49.35972143,46.77218626
Georgia,,,,,,,0.021005257,0.0195,0.017945651,0.016823655,0.015978857,0.015374334,0.015156804,0.014122044,0.013482384,0.012867485,0.012221625,0.011591001,0.011735847,,,,,,,,,,,
Ghana,83.19373807,89.0655137,91.66021623,93.08354631,94.77086023,97.35123084,101.4664951,107.1296716,112.3419054,117.7747169,119.9253456,134.6143439,136.2556264,147.2236533,147.8912188,148.3399525,141.8466814,148.5177778,149.4465236,147.50077,144.5254537,135.917939,128.568113,117.9095713,110.7132048,94.77575131,85.78330252,78.18948299,83.49083522,81.39159086
Guatemala,0.525514914,0.796613341,0.817426042,1.061373186,0.214879967,0.28251986,0.051797324,0.28140036,0.352384756,0.412965242,0.371482139,0.215431684,0.310785888,0.16590112,0.083989104,0.08900394,0.056849571,0.013866347,0.003898869,0.004606579,0.002724356,0.006024272,0.005231868,0.00874822,0.00275963,0.003808803,0.000775603,0.000731945,0.000914546,0.001178852
Guinea,87.6361487,91.21042035,91.56546225,91.34610162,91.60164392,94.37709555,96.78438906,96.63723348,101.5860774,105.4967492,107.3825523,116.6707994,119.5702082,124.6953905,126.87471,122.6781138,120.1766794,123.1942511,124.4727929,124.8746401,125.7421286,124.4093539,119.5016785,115.0083891,107.3769665,98.52994562,92.98369831,87.22149075,81.70704619,83.61974774
"Guinea Bissau",107.0100079,105.7199637,104.0621032,102.3388264,100.8092345,99.46233514,99.58494855,99.0259681,98.67079487,98.17169845,101.0284284,90.0702757,74.95134721,61.00404545,42.5484821,28.80593804,22.83295996,23.25986491,28.04022825,33.36445998,36.12250026,37.1857332,33.59796802,31.97849013,28.06679286,24.58801017,23.11065031,24.75143734,38.30175635,37.5773793
Guyana,22.61163208,35.36125286,36.08601823,28.34595261,33.24200733,46.37023331,26.20502476,28.41464652,30.56286602,21.48503848,16.62118523,13.45695041,9.592935707,9.983702581,8.262954794,9.871433433,6.02708361,2.916691022,3.811257811,5.327200664,9.244414311,16.16081181,15.11867962,16.63885585,4.651622972,4.394655918,5.024028062,5.760160601,2.344277711,2.182114133
Haiti,7.102314047,26.47489631,16.35353895,19.81068241,23.26157216,18.73659311,20.04443604,7.972425921,26.17212321,17.09448313,14.51643238,8.044817931,10.22091734,8.785533048,5.371804545,9.059033991,12.00554478,10.73785786,13.54221845,17.31662385,19.82551955,9.81180927,8.830256383,6.886764583,4.376216568,3.860280458,4.389155167,3.282480731,3.714112111,4.02341693
Honduras,0.276047272,0.50344174,0.423415602,0.170141582,0.22131471,0.389599138,0.262514299,0.22325613,0.222532042,0.243128874,0.20361377,0.114022014,0.058040732,0.046794857,0.056965409,0.05801128,0.037541673,0.037358319,0.026966314,0.056609326,0.033569455,0.023269402,0.021381839,0.035041823,0.019461082,0.025415147,0.035194531,0.003721193,0.01032793,0.009179098
India,15.78323889,15.35614876,14.53227447,13.45199809,12.37181688,11.54614859,11.12820695,10.9401121,9.874312696,7.603599805,6.160711179,6.51989763,6.996022043,6.863430238,6.656720934,6.038694185,5.955526227,5.73384502,5.14952008,4.810270345,4.901586848,5.121802832,3.432757334,2.653224444,3.685324613,4.075722231,2.781875081,2.341884716,2.685982342,2.609417485
Indonesia,2.001009111,2.273132314,1.778279683,1.909904431,1.561524322,1.591729268,1.585536081,1.739598008,1.477446922,1.824182128,0.572558069,0.531287629,0.603316162,0.536399106,1.163461762,0.798364933,1.508627274,1.093028058,1.024007931,1.346182486,2.678709066,2.638559904,1.632911719,0.617464348,0.848518451,0.397547148,0.440604242,0.522425909,0.289869798,0.250629312
Iran,4.838980184,5.496866799,3.238256468,3.44414403,2.226124179,2.181724096,2.075177737,0.820976012,0.495185826,0.39840166,0.046195109,0.025713124,0.034594654,0.082505169,0.021642093,0.05023134,0.022306919,0.024428639,0.015398951,0.003153858,0.001125323,0.00102234,0.000281196,0.000567847,0.000142541,5.57088E-05,2.97868E-05,1.31465E-05,3.13607E-05,6.10875E-05
Iraq,0.049741052,0.046997345,0.045667075,0.043815096,0.041140289,0.03925815,0.03747849,0.035941508,0.032177545,0.029605735,0.028201776,0.024821945,0.023725778,0.021366502,0.019413013,0.017669239,,,,,,,,,,,,,,
Kenya,39.54347264,41.87282792,42.97903889,43.75560871,44.56322339,46.01837613,47.29068536,47.88002844,48.77451835,49.47862447,40.31685262,46.51182757,42.18806235,45.03196349,40.81024297,33.02966062,25.93671562,22.1649063,18.24175384,14.2416102,8.131898277,4.321709382,3.801867357,6.901851725,9.334880863,10.714155,13.97984595,16.62842804,18.05218018,18.00107688
Kyrgyzstan,,,,,,,0.033780814,0.0317,0.029555756,0.0282,0.026775227,0.025652793,0.024299766,0.023130588,0.021802583,0.020508416,0.019273493,0.017720844,0.015856348,0.014020724,,,,,,,,,,
Laos,2.739331445,4.868056112,4.434052101,4.82019646,5.69867984,5.017236556,8.10953678,7.587631768,4.473248859,3.04748203,7.901824386,4.236450436,3.980867163,4.048156882,3.716495737,3.083807809,3.621821453,3.604756681,3.207805474,2.438602764,3.022037919,2.108930984,4.564180794,2.763007107,2.581668465,1.183419969,0.330141323,0.345776824,0.363610052,0.344761913
Liberia,163.9465634,153.2203055,167.1690081,175.934346,176.4678142,178.0680128,179.0194067,193.848829,194.5180419,199.0705892,195.4485768,209.2957458,210.0810904,212.4345871,203.5282639,200.0289621,185.3159379,184.11916,171.9785668,155.0251667,142.3119834,140.2238056,115.4368271,107.3264938,122.0653471,121.6738656,134.518186,138.0542475,135.1968813,130.7807504
Madagascar,43.12933167,43.74897018,43.88234457,44.12890495,42.9258232,42.3182166,41.94844718,42.78963109,43.31213847,43.16278749,42.53493657,48.29487251,49.46586244,54.79936732,58.46464845,62.77751894,60.36495153,52.25334739,35.58519641,28.75349856,27.60962357,24.94649576,25.15192653,26.38111562,27.6656856,25.93976451,24.82013408,24.64184721,25.63272377,25.8580001
Malawi,167.1269921,168.4223248,169.5129867,172.7516194,172.7732861,159.8809243,154.4806822,148.6610704,143.3783203,144.2047882,116.9165789,112.1044175,101.1694383,93.42216595,84.68600775,82.95738101,86.09566653,94.15285954,93.30057231,83.26149012,62.95707078,54.49222629,50.69330789,50.11097186,47.76557499,43.85695423,42.38147266,42.67012787,44.65781717,43.81936204
Malaysia,0.816967567,0.645129418,0.588591584,0.60317632,0.844794513,0.817963279,0.685699953,0.349796404,0.184850564,0.141492534,0.284954808,0.275532912,0.278247669,0.160512579,0.152446451,0.14202466,0.108549277,0.09734442,0.114790276,0.068685408,0.047819418,0.019781939,0.017580232,0.029624319,0.023185308,0.018423219,0.009743031,0.016387893,0.015070689,0.016683479
Mali,166.448328,164.6122431,161.9666181,158.3371617,154.5474858,152.1557571,149.0668362,144.7456358,139.5670139,136.606804,134.5380148,136.8014429,138.003272,143.8056464,148.9649153,152.7922865,150.9123979,144.8299661,137.4545301,129.7477231,126.2893525,132.5449205,145.4066056,146.1687287,139.5387364,115.6955407,85.67296161,61.26926162,65.27839471,67.10936191
Mauritania,12.93499517,18.61026699,18.85067273,20.30480815,53.81389425,72.19331525,71.1990822,71.01321443,60.16569028,70.37704565,54.86483608,41.94962382,30.53159439,37.34981621,21.93212881,21.12836831,4.117857802,20.12701086,29.75676878,15.0117573,24.28326539,25.20431661,14.77107496,14.99542544,39.15056708,44.02927033,58.00874212,47.99791188,62.73274254,71.80079959
Mexico,0.031538121,0.027829201,0.025850108,0.022330848,0.020036381,0.018438475,0.019681597,0.018183213,0.012036731,0.01258367,0.008374663,0.007774088,0.0065036,0.006125861,0.00518693,0.004264784,0.004055919,0.003023808,0.002994181,0.002916557,0.002818149,0.002342093,0.002328881,0.001962552,0.00176698,0.001311336,0.001243991,0.001174218,0.001100062,0.001020831
Mozambique,210.777491,212.2252412,209.9345474,202.8075274,196.2859889,193.1681822,190.1556434,187.5120948,185.1604326,184.4260848,175.3846566,181.2829454,170.2025743,167.8228882,154.0332278,141.2874773,138.2227918,139.3191513,121.2490217,127.7638456,128.3520872,124.0351563,119.5158458,114.0024089,107.802706,97.56118913,96.76300108,90.82582201,89.24041166,88.04416571
"Burma (Myanmar)",12.10867708,8.126167509,7.657428371,7.524959175,7.464992123,6.616428186,7.287123315,7.435629508,6.949096592,8.397100752,7.912114358,10.95366464,12.84867479,15.5667289,14.25220202,15.91629802,17.63896145,22.37674361,27.91357526,24.51517191,23.3272366,17.80040319,18.95449492,11.47526477,5.681407432,3.713008616,1.875822572,0.409999551,0.509090994,0.545855472
Namibia,39.12596444,34.46510502,28.62360798,32.08613116,26.83539074,32.69941657,40.05231191,39.84301506,39.94792625,30.80246434,20.21689915,22.75234642,16.99905517,16.09719963,21.88205135,13.01915545,12.1107808,4.89844412,1.716850846,0.729024484,0.337481765,0.383630331,0.041537132,0.674017007,1.794672974,0.85303652,1.905533483,5.843794683,4.032909026,8.350606438
Nepal,0.388522133,0.940524819,0.566037817,0.311153408,0.229626893,0.160528874,0.183078818,0.136347357,0.256968412,0.351652762,0.152501827,0.133470261,0.476288837,0.26419367,0.150311196,0.182654838,0.230539785,0.236939821,0.132401492,0.106965355,0.107305344,0.0602,0.013103903,0.029172207,0.010639024,0.025684116,0.00907702,0.004700105,0.002642216,0.002420161
Nicaragua,0.46322525,0.456941335,0.594212453,0.644495073,0.429775947,0.873257024,0.587312085,0.374905887,0.558796532,0.285348007,0.206534176,0.169330102,0.107937458,0.110381648,0.097912478,0.082839697,0.020081517,0.006733612,0.003647107,0.005550711,0.008806697,0.008144637,0.01287422,0.011159673,0.008322201,0.015199295,0.05748544,0.070556447,0.040148066,0.05861263
Niger,152.0789254,150.1585144,149.4939483,148.364447,146.5325663,145.3847774,142.92343,143.5106941,142.9403844,142.1675753,135.4376174,137.6802087,121.6274963,125.3475943,125.8552503,134.8209681,130.7742803,144.8523668,153.0045945,165.5042209,173.2918526,178.7540634,180.5899687,174.5232277,165.9933916,145.5954156,131.5744543,113.5554119,100.4700724,102.8815874
Nigeria,144.1863778,149.8680863,153.2480577,156.1558649,158.051365,158.972406,159.5567865,160.8007193,161.3759596,161.8817662,160.6909532,167.078,166.2381946,172.3488297,171.0313758,173.5292663,175.3864858,181.0075804,182.3213268,174.3246889,163.3444296,151.1663753,138.2153727,127.0034268,123.6226746,112.7914968,109.4525965,105.832529,111.3316225,112.3366057
Oman,0.876095645,6.824498428,5.31965964,5.949808082,1.511592586,0.309891674,0.130580529,0.024410388,0.018609948,0.004899194,0.00086289,,,,,,,,,,,,,,,,,,,
Pakistan,10.22066351,9.78806733,9.855407353,10.25030567,9.589998561,9.441208644,9.952475652,10.02922974,9.212108375,9.174165802,4.91295465,3.703315892,2.834880324,2.697336333,1.435640758,2.087036773,2.030641146,2.3504035,1.749679297,2.699244937,4.744435102,5.07062403,5.047599868,1.993589681,1.559093031,1.837229137,1.928286639,2.408108626,1.93843643,1.810841028
Panama,0.160950641,0.184712313,0.161554392,0.022029485,0.019852629,0.022326532,0.034672222,0.173904832,0.121129474,0.039710612,0.037886941,0.026325474,0.161555208,0.265543684,0.309825967,0.232101172,0.018014786,0.01292776,0.001059365,0.000801151,0.004444579,0.000184035,0.000183596,0.0007,0.0013,0.0018,0.002350505,7.57792E-05,0.000257212,0.001033983
"Papua New Guinea",19.07845485,17.2314291,16.34927815,20.31091089,23.12295497,23.67298668,19.24114664,19.0372231,16.17182703,14.04382451,19.64653255,22.47633891,22.34305718,27.20752522,31.50145803,32.28039182,35.22782428,30.788408,32.62750648,36.97099531,25.4553243,18.93819813,17.2489894,22.12193812,19.6014683,11.79433265,17.82459757,16.65488597,11.63768115,11.06659719
Paraguay,0.026667383,0.025906857,0.025045488,0.025597276,0.024753181,0.022537087,0.021414881,0.019241525,0.01803161,0.017232483,0.016152409,0.015065771,0.014366123,0.014089587,0.013824706,0.012825747,0.012113126,0.011083219,0.01056914,0.010258091,0.009461487,0.008708829,0.0082,0.0077,0.0073,0.0068,0.006288881,,,
Peru,2.812676024,3.513452869,2.957774979,3.385519358,2.205051915,1.525923926,1.269552485,0.92638951,0.814054551,0.707597633,0.755711904,0.490545724,0.524911773,0.377303003,0.353793101,0.213333054,0.100393321,0.082697519,0.052293737,0.045385441,0.021647058,0.029974811,0.03415046,0.114339129,0.134528992,0.129928645,0.121722282,0.102542371,0.034092911,0.056903851
Philippines,1.557272494,1.153823674,1.347083344,1.133075711,1.161624508,0.861638966,0.713371462,0.739547582,0.695159133,0.459662819,0.260231137,0.202600889,0.30218163,0.432200204,0.432188199,0.508534833,0.615312392,0.691259513,0.476091904,0.430111369,0.373429288,0.145045302,0.095080918,0.088646342,0.022827376,0.044773621,0.016745758,0.037779342,0.031032378,0.040610611
"South Korea",0.03552022,0.032254601,0.028991141,0.026417918,0.024520674,0.022387221,0.020272414,0.018278418,0.016541988,0.014892029,0.013372702,0.011918558,0.010760377,0.009797203,0.008824542,0.007978854,0.007134283,0.006535176,0.005989827,0.005537696,0.005072372,0.004602796,0.004185225,0.003740979,0.003356118,0.003070212,0.002811227,0.002641045,0.002448448,0.002298217
Rwanda,133.7681496,136.9421735,157.7620596,205.7753063,145.372718,140.9893584,131.1198685,142.4215102,144.0620682,137.257294,124.1514616,119.0626341,93.2650878,71.5509822,47.62417675,29.69092517,21.82868143,22.1853334,28.47257051,35.02039597,38.61370788,35.66103317,29.29704087,22.89520358,23.32987854,25.78553264,33.84153392,36.62400556,28.88528073,28.33737761
"Saint Thomas and Principe",52.20479527,51.51551398,50.08360463,47.92587832,49.85061223,50.9300124,48.92328073,47.19841183,43.90109512,33.66338699,83.24446594,77.90271823,46.87721192,80.99913308,36.07959236,76.47425934,35.07011908,18.05275357,38.01898877,34.65612598,15.9517528,37.40905969,49.09331543,37.30810794,7.382221209,6.891766427,7.230463232,6.703597909,6.309423694,6.350547274
"Saudi Arabia",0.573288084,0.311875762,0.630249884,0.617874134,0.246437929,0.573521524,0.48545104,0.550173335,1.229704054,0.299702786,0.131131651,0.038889124,0.030557489,0.018580351,0.009555992,0.006097681,0.005932882,0.009826486,0.000748491,0.000820658,0.000570598,0.001244633,0.001303322,0.000430788,0.000676138,0.00104023,0.003359009,0.002160712,0.001859316,0.002477647
Senegal,121.9529757,121.7057333,134.7645926,144.9788057,155.3990642,187.2577379,211.6583779,226.3973391,222.2944979,218.8788953,236.0318519,89.02759885,85.01557989,128.7149543,106.5337514,104.2576294,108.5914672,102.1692973,85.74507356,59.06915387,113.6203975,98.98535972,101.9561371,86.7154414,66.90414956,62.96203935,50.68597531,57.86341174,66.5432405,61.67174458
"Sierra Leone",239.279895,248.1833308,243.1116714,242.7878301,249.6727918,250.7548616,258.8966655,275.9902205,271.1866917,276.3323907,273.6378423,289.4635843,297.0273055,300.262487,298.1138678,285.8862171,278.3274466,278.3497987,286.8301011,274.416459,252.0568503,238.7380382,223.6018647,208.1528756,198.198609,192.8440187,194.4174631,181.6292969,168.3832964,162.5298106
"Solomon Islands",35.81361297,35.05030231,36.79619657,38.928061,38.86640113,41.38313782,41.650449,38.94317329,36.55049983,39.62210839,43.88790371,52.76932629,67.24422005,74.25289332,82.37804464,85.22238014,83.70204742,99.30321623,156.0545308,125.5588898,131.3578301,84.91189185,67.51816175,55.46993999,38.54968868,36.08525386,49.70125781,45.22278022,29.02129873,25.63610152
Somalia,60.03968035,57.53832607,56.85630013,57.13800833,56.64267198,56.65193243,56.33861858,55.4232518,54.57267113,53.16306146,49.95575255,50.75841644,39.37881688,33.84721186,26.96215389,24.73148489,21.58677713,17.3113722,10.35132933,6.637688623,5.992696751,6.578631303,10.00262453,16.22861589,21.14139914,21.74382964,21.34373884,19.68827186,19.55133378,20.79516189
"South Africa",1.130132977,0.833807652,0.762612796,0.886160618,0.866566089,0.94132773,1.198291081,1.391576193,1.427053114,0.989196994,0.0558883,0.66321106,0.357363898,0.272499059,0.259587286,0.141748089,0.210798358,0.089306924,0.097808162,0.072029667,0.090671737,0.101353873,0.054791158,0.120772698,0.111706423,0.007914133,0.011796809,0.225376767,0.251873343,0.803743474
"South Sudan",62.90881081,63.39373436,63.76535901,64.55263214,65.63727318,68.8177584,70.4840795,71.27435954,72.95713074,74.21800072,74.66603995,76.75385486,71.6781255,71.17590496,68.88117156,66.91421595,62.66615195,58.78845735,52.72840622,47.61023193,43.07938525,40.1626693,39.9444541,41.85876691,42.33888441,45.80730363,48.10259283,47.92076629,44.74693677,44.67709736
"Sri Lanka",3.774863949,4.776184273,5.133301993,4.667148947,2.868887745,6.756479195,2.707915707,3.256632226,2.460223628,3.493357603,3.038276825,0.645497197,0.327908132,0.100150305,0.047976327,0.012867193,0.002848836,0.001429025,0.00357719,0.001723206,0.000612468,6.29605E-05,7.77634E-05,,,,,,,
Sudan,19.24705129,18.94171694,19.08259188,18.97062995,18.8935334,18.97304732,18.9462381,19.05689961,19.17829604,19.03924749,18.82845855,18.83381888,14.35883194,13.35923756,12.02718054,11.56244557,10.47294416,9.053151282,7.221858992,6.371628118,5.791148318,5.462844236,5.469687121,5.608562088,6.153245874,6.227281183,7.053111342,7.660942565,6.558240439,6.154474976
Suriname,12.73005552,11.42331186,9.978529945,16.31853471,14.01696732,10.3164483,10.56603157,11.59458005,10.20728743,6.023685006,20.93332307,25.36275186,16.07202145,10.98239875,7.407211519,6.212722016,1.954595971,0.783602678,1.42207537,1.15617834,0.784486054,0.367594485,0.142004724,0.240205041,0.270238183,0.028468176,0.006043193,0.006616203,0.016005182,0.065256962
Syria,0.011119981,0.001780108,0.002823709,0.134690482,0.1043,0.073885473,0.042016547,0.011539932,0.001964692,0.000236391,0.000266077,0.003884776,0.00091242,0.000141238,,,,,,,,,,,,,,,,
Tajikistan,6.400188235,6.063244538,10.78172848,13.50673714,3.429474523,2.748650109,3.359080103,1.525666416,1.626570979,1.059912348,1.421732703,1.724999984,1.1793414,0.638879871,0.411351462,1.84912868,0.789873654,0.340083963,0.204723966,0.00020427,,,,,,,,,,
Thailand,2.456555738,1.584832717,1.35160065,0.913186403,0.759831339,0.65908204,0.688872146,0.659455538,0.851127396,0.779001998,0.485313223,0.356573561,0.275953936,0.282583788,0.203978217,0.233068343,0.213313975,0.24012814,0.18673657,0.173452493,0.182927546,0.135518941,0.094374957,0.108608986,0.090244367,0.009792893,0.008530246,0.002753764,0.002723291,0.001440832
"Timor Leste",33.94541078,36.99364534,25.94913008,19.49502007,19.79554317,17.54469977,13.40221716,21.43459163,16.66581293,16.4568381,4.126201316,6.748484054,15.62843291,13.09874334,38.70036402,36.82633686,41.42528577,39.92761244,48.59334638,34.62134532,32.77554866,12.06578957,1.363860326,0.219529574,0.075067125,0.018633723,0.030368331,0.003896961,0.004140274,0.005884827
Togo,106.9778688,107.6850748,106.791001,106.5562938,106.0591988,104.777863,104.3009004,104.3213721,104.4179836,103.156344,100.5124952,105.5609696,111.0647867,124.2563966,133.5143407,139.6035065,136.2172856,140.2962396,127.3683591,114.030068,108.6368368,108.4709347,115.1439507,120.7467496,121.1239347,111.1380985,101.3415316,88.84583282,91.28339622,91.62754097
Turkey,0.034561575,0.032351264,0.029866948,0.027678193,0.025666489,0.023771908,0.021595021,0.019649831,0.017633529,0.01576335,0.013903816,0.012504435,0.011185386,0.010121654,0.009080156,0.008322912,0.007567334,0.006864107,,,,,,,,,,,,
Turkmenistan,,0.041270136,0.039773421,0.040620688,0.03951065,0.0381,0.036723558,0.03450452,0.031907374,0.028627551,0.024697523,0.022693592,0.021881854,0.021232002,,,,,,,,,,,,,,,,
Uganda,171.7561643,172.9180369,170.1952911,169.4418885,168.4546138,168.2729948,169.0922637,169.2358089,170.6031881,171.063018,167.776276,170.6267344,164.2860012,160.120307,153.3271017,134.7829825,116.7779065,110.1562317,106.1332028,97.78641409,92.0184117,80.10848418,61.82409213,48.05875556,40.79152392,45.39857336,55.54038676,58.0894701,46.97798474,46.47752298
Tanzania,85.64654983,84.63906658,82.36777864,81.28748852,81.38803705,81.79328886,83.37908278,85.97846756,87.85373061,87.81301541,85.25318255,84.9734361,76.84254818,67.18251887,55.25050721,48.76715424,39.37009923,30.67115086,27.58880408,30.95134312,32.54916049,27.82839307,22.98289099,22.03517682,22.90059548,24.23560707,24.65466565,24.36674919,24.59732597,24.60158675
Uzbekistan,0.032777962,0.031456073,0.0307,0.0299,0.0291,0.0283,0.0275,0.0267,0.0259,0.025153503,0.024264804,0.023522042,0.023032289,0.022562994,0.022433156,0.021963012,0.020229238,0.019040037,0.01793596,,,,,,,,,,,
Vanuatu,97.86206922,72.57435833,54.78935938,44.1585519,18.17939528,31.86891379,23.58993072,24.74949892,23.05348376,20.3811341,47.98408111,42.58592533,84.81065386,112.1949969,108.1554728,79.57297802,64.47029652,47.41133628,35.55111862,36.06078658,29.52848839,15.97143034,10.126798,5.3065293,1.277239776,0.530929023,0.622356943,0.769783481,0.604765217,0.701439615
Venezuela,0.83665444,0.599347654,0.386075346,0.26483436,0.261415535,0.26098559,0.256525475,0.251606833,0.307618831,0.233589658,0.261869516,0.133444539,0.101732917,0.164867347,0.121842787,0.148429059,0.193886698,0.230315058,0.148310384,0.206733775,0.263260283,0.238314512,0.261171229,0.45702992,0.459646635,0.735957258,0.986434617,1.499446736,1.851460464,2.363677346
Vietnam,1.189379577,1.085438788,1.132789976,1.215177661,1.356803651,1.242541685,1.380142602,1.488790526,1.410193333,1.390128361,1.885826147,1.799212562,1.340836558,1.237618774,0.852983391,0.685339589,0.856779471,0.569914662,0.413539341,0.517955289,0.469552781,0.346041813,0.339655061,0.24334891,0.195581137,0.091799117,0.048177913,0.072065193,0.064073181,0.061180116
Yemen,49.92199175,50.49252358,50.61192474,50.81218483,47.15183297,47.71605074,49.0398064,49.55238101,51.04764956,43.19396915,38.29217243,38.79222835,32.7996879,31.12534903,27.54275646,26.07707878,21.9307426,21.75550855,13.18062335,15.45831648,23.4855635,21.07538529,22.43244775,19.48116993,22.92043888,19.62563634,21.26106533,21.92245987,19.90270416,21.9341884
Zambia,92.61741076,95.74062531,96.51259699,96.50181303,98.13371202,99.94057755,100.447332,100.6465308,100.636137,99.95296439,96.04973673,100.920268,91.90809879,85.33478772,71.18152167,56.83505557,45.17345424,43.33280935,35.75494188,36.05391433,35.57683735,32.77452099,34.33674958,39.08433484,39.43669797,35.30940027,31.79779737,28.24793914,30.83941325,29.79014337
Zimbabwe,29.67116704,26.17505731,18.36322753,25.43837003,14.09275881,24.73757776,34.45276715,34.48947227,37.29078504,40.86334799,40.43904142,39.16465923,38.92504398,43.39585272,45.6778072,43.14492114,38.59596204,46.14677645,27.9402487,29.37870818,30.69954337,22.35828805,17.14821735,21.70065824,22.32684847,14.91622788,11.95921641,12.24096611,11.9842083,11.80861548
