Country,1870,1871,1872,1873,1874,1875,1876,1877,1878,1879,1880,1881,1882,1883,1884,1885,1886,1887,1888,1889,1890,1891,1892,1893,1894,1895,1896,1897,1898,1899,1900,1901,1902,1903,1904,1905,1906,1907,1908,1909,1910,1911,1912,1913,1914,1915,1916,1917,1918,1919,1920,1921,1922,1923,1924,1925,1926,1927,1928,1929,1930,1931,1932,1933,1934,1935,1936,1937,1938,1939,1940,1941,1942,1943,1944,1945,1946,1947,1948,1949,1950,1951,1952,1953,1954,1955,1956,1957,1958,1959,1960,1961,1962,1963,1964,1965,1966,1967,1968,1969,1970,1971,1972,1973,1974,1975,1976,1977,1978,1979,1980,1981,1982,1983,1984,1985,1986,1987,1988,1989,1990,1991,1992,1993,1994,1995,1996,1997,1998,1999,2000,2001,2002,2003,2004,2005,2006,2007,2008,2009,2010,2011,2012,2013,2014,2015,2016,2017,2018,2019,2020,2021,2022,2023,2024,2025,2026,2027,2028,2029,2030,2031,2032,2033,2034,2035,2036,2037,2038,2039,2040
Afghanistan,,,,,,,,,,,,,,,,,,,,,,,,,,,,,,,,,,,,,,,,,,,,,,0.01,0.01,0.01,0.01,0.01,0.01,0.01,0.01,0.01,0.01,0.01,0.01,0.01,0.01,0.01,0.01,0.01,0.01,0.01,0.01,0.01,0.016,0.022,0.028,0.034,0.04,0.04,0.04,0.04,0.04,0.04,0.042,0.044,0.046,0.048,0.05,0.052,0.054,0.056,0.058,0.06,0.062,0.064,0.066,0.068,0.07,0.074,0.078,0.082,0.086,0.09,0.108,0.126,0.144,0.162,0.18,0.196,0.212,0.228,0.244,0.26,0.28,0.3,0.32,0.34,0.36,0.372,0.384,0.396,0.408,0.42,0.426,0.432,0.438,0.444,0.45,0.464,0.478,0.492,0.506,0.52,0.542,0.564,0.586,0.608,0.63,0.666,0.702,0.738,0.774,0.81,0.852,0.894,0.936,0.978,1.02,1.108,1.196,1.284,1.372,1.46,1.526,1.592,1.658,1.724,1.79,1.852,1.914,1.976,2.038,2.1,2.16,2.22,2.28,2.34,2.4,2.458,2.516,2.574,2.632,2.69,2.75,2.81,2.87,2.93,2.99
Albania,,,,,,,,,,,,,,,,,,,,,,,,,,,,,,,,,,,,,,,,,,,,,,,,,,,,,,,,0.01,0.01,0.01,0.01,0.01,0.01,0.01,0.01,0.01,0.01,0.01,0.018,0.026,0.034,0.042,0.05,0.128,0.206,0.284,0.362,0.44,0.46,0.48,0.5,0.52,0.54,0.562,0.584,0.606,0.628,0.65,0.728,0.806,0.884,0.962,1.04,1.084,1.128,1.172,1.216,1.26,1.318,1.376,1.434,1.492,1.55,1.614,1.678,1.742,1.806,1.87,1.928,1.986,2.044,2.102,2.16,2.208,2.256,2.304,2.352,2.4,2.422,2.444,2.466,2.488,2.51,2.492,2.474,2.456,2.438,2.42,2.494,2.568,2.642,2.716,2.79,2.808,2.826,2.844,2.862,2.88,2.994,3.108,3.222,3.336,3.45,,,,,,,,,,,,,,,,,,,,,,,,,,,,,,
Algeria,0.01,0.012,0.014,0.016,0.018,0.02,0.02,0.02,0.02,0.02,0.02,0.02,0.02,0.02,0.02,0.02,0.022,0.024,0.026,0.028,0.03,0.03,0.03,0.03,0.03,0.03,0.032,0.034,0.036,0.038,0.04,0.042,0.044,0.046,0.048,0.05,0.05,0.05,0.05,0.05,0.05,0.05,0.05,0.05,0.05,0.05,0.052,0.054,0.056,0.058,0.06,0.06,0.06,0.06,0.06,0.06,0.062,0.064,0.066,0.068,0.07,0.072,0.074,0.076,0.078,0.08,0.08,0.08,0.08,0.08,0.08,0.082,0.084,0.086,0.088,0.09,0.09,0.09,0.09,0.09,0.09,0.092,0.094,0.096,0.098,0.1,0.114,0.128,0.142,0.156,0.17,0.19,0.21,0.23,0.25,0.27,0.302,0.334,0.366,0.398,0.43,0.474,0.518,0.562,0.606,0.65,0.708,0.766,0.824,0.882,0.94,1.02,1.1,1.18,1.26,1.34,1.406,1.472,1.538,1.604,1.67,1.716,1.762,1.808,1.854,1.9,1.888,1.876,1.864,1.852,1.84,1.846,1.852,1.858,1.864,1.87,1.93,1.99,2.05,2.11,2.17,,,,,,,,,,,,,,,,,,,,,,,,,,,,,,
Argentina,,,,,,0.01,0.01,0.01,0.01,0.01,0.01,0.01,0.01,0.01,0.01,0.01,0.012,0.014,0.016,0.018,0.02,0.02,0.02,0.02,0.02,0.02,0.022,0.024,0.026,0.028,0.03,0.036,0.042,0.048,0.054,0.06,0.066,0.072,0.078,0.084,0.09,0.096,0.102,0.108,0.114,0.12,0.14,0.16,0.18,0.2,0.22,0.224,0.228,0.232,0.236,0.24,0.248,0.256,0.264,0.272,0.28,0.286,0.292,0.298,0.304,0.31,0.318,0.326,0.334,0.342,0.35,0.358,0.366,0.374,0.382,0.39,0.398,0.406,0.414,0.422,0.43,0.458,0.486,0.514,0.542,0.57,0.606,0.642,0.678,0.714,0.75,0.776,0.802,0.828,0.854,0.88,0.916,0.952,0.988,1.024,1.06,1.108,1.156,1.204,1.252,1.3,1.348,1.396,1.444,1.492,1.54,1.594,1.648,1.702,1.756,1.81,1.874,1.938,2.002,2.066,2.13,2.156,2.182,2.208,2.234,2.26,2.278,2.296,2.314,2.332,2.35,2.404,2.458,2.512,2.566,2.62,2.658,2.696,2.734,2.772,2.81,,,,,,,,,,,,,,,,,,,,,,,,,,,,,,
Australia,,,,,,,,,,,0.01,0.022,0.034,0.046,0.058,0.07,0.08,0.09,0.1,0.11,0.12,0.122,0.124,0.126,0.128,0.13,0.14,0.15,0.16,0.17,0.18,0.196,0.212,0.228,0.244,0.26,0.29,0.32,0.35,0.38,0.41,0.438,0.466,0.494,0.522,0.55,0.58,0.61,0.64,0.67,0.7,0.776,0.852,0.928,1.004,1.08,1.132,1.184,1.236,1.288,1.34,1.39,1.44,1.49,1.54,1.59,1.634,1.678,1.722,1.766,1.81,1.858,1.906,1.954,2.002,2.05,2.118,2.186,2.254,2.322,2.39,2.438,2.486,2.534,2.582,2.63,2.678,2.726,2.774,2.822,2.87,2.928,2.986,3.044,3.102,3.16,3.282,3.404,3.526,3.648,3.77,3.884,3.998,4.112,4.226,4.34,4.426,4.512,4.598,4.684,4.77,4.776,4.782,4.788,4.794,4.8,4.792,4.784,4.776,4.768,4.76,4.756,4.752,4.748,4.744,4.74,4.744,4.748,4.752,4.756,4.76,4.788,4.816,4.844,4.872,4.9,4.856,4.812,4.768,4.724,4.68,4.776,4.872,4.968,5.064,5.16,5.174,5.188,5.202,5.216,5.23,5.238,5.246,5.254,5.262,5.27,5.28,5.29,5.3,5.31,5.32,5.326,5.332,5.338,5.344,5.35,5.356,5.362,5.368,5.374,5.38
Austria,0.1,0.106,0.112,0.118,0.124,0.13,0.136,0.142,0.148,0.154,0.16,0.166,0.172,0.178,0.184,0.19,0.196,0.202,0.208,0.214,0.22,0.228,0.236,0.244,0.252,0.26,0.268,0.276,0.284,0.292,0.3,0.308,0.316,0.324,0.332,0.34,0.348,0.356,0.364,0.372,0.38,0.386,0.392,0.398,0.404,0.41,0.412,0.414,0.416,0.418,0.42,0.43,0.44,0.45,0.46,0.47,0.48,0.49,0.5,0.51,0.52,0.528,0.536,0.544,0.552,0.56,0.548,0.536,0.524,0.512,0.5,0.492,0.484,0.476,0.468,0.46,0.454,0.448,0.442,0.436,0.43,0.434,0.438,0.442,0.446,0.45,0.512,0.574,0.636,0.698,0.76,0.964,1.168,1.372,1.576,1.78,1.962,2.144,2.326,2.508,2.69,2.776,2.862,2.948,3.034,3.12,3.202,3.284,3.366,3.448,3.53,3.606,3.682,3.758,3.834,3.91,3.986,4.062,4.138,4.214,4.29,4.392,4.494,4.596,4.698,4.8,4.874,4.948,5.022,5.096,5.17,5.242,5.314,5.386,5.458,5.53,5.568,5.606,5.644,5.682,5.72,5.762,5.804,5.846,5.888,5.93,5.962,5.994,6.026,6.058,6.09,6.104,6.118,6.132,6.146,6.16,6.182,6.204,6.226,6.248,6.27,6.288,6.306,6.324,6.342,6.36,6.36,6.36,6.36,6.36,6.36
Bangladesh,,,,,,,,,,,0.01,0.01,0.01,0.01,0.01,0.01,0.01,0.01,0.01,0.01,0.01,0.01,0.01,0.01,0.01,0.01,0.012,0.014,0.016,0.018,0.02,0.024,0.028,0.032,0.036,0.04,0.046,0.052,0.058,0.064,0.07,0.076,0.082,0.088,0.094,0.1,0.096,0.092,0.088,0.084,0.08,0.082,0.084,0.086,0.088,0.09,0.094,0.098,0.102,0.106,0.11,0.112,0.114,0.116,0.118,0.12,0.126,0.132,0.138,0.144,0.15,0.156,0.162,0.168,0.174,0.18,0.184,0.188,0.192,0.196,0.2,0.202,0.204,0.206,0.208,0.21,0.216,0.222,0.228,0.234,0.24,0.25,0.26,0.27,0.28,0.29,0.302,0.314,0.326,0.338,0.35,0.376,0.402,0.428,0.454,0.48,0.508,0.536,0.564,0.592,0.62,0.65,0.68,0.71,0.74,0.77,0.79,0.81,0.83,0.85,0.87,0.93,0.99,1.05,1.11,1.17,1.3,1.43,1.56,1.69,1.82,1.916,2.012,2.108,2.204,2.3,2.364,2.428,2.492,2.556,2.62,2.686,2.752,2.818,2.884,2.95,3.008,3.066,3.124,3.182,3.24,3.3,3.36,3.42,3.48,3.54,3.604,3.668,3.732,3.796,3.86,3.924,3.988,4.052,4.116,4.18,4.246,4.312,4.378,4.444,4.51
Barbados,0.02,0.02,0.02,0.02,0.02,0.02,0.022,0.024,0.026,0.028,0.03,0.032,0.034,0.036,0.038,0.04,0.042,0.044,0.046,0.048,0.05,0.052,0.054,0.056,0.058,0.06,0.062,0.064,0.066,0.068,0.07,0.08,0.09,0.1,0.11,0.12,0.114,0.108,0.102,0.096,0.09,0.096,0.102,0.108,0.114,0.12,0.126,0.132,0.138,0.144,0.15,0.16,0.17,0.18,0.19,0.2,0.21,0.22,0.23,0.24,0.25,0.262,0.274,0.286,0.298,0.31,0.322,0.334,0.346,0.358,0.37,0.388,0.406,0.424,0.442,0.46,0.48,0.5,0.52,0.54,0.56,0.57,0.58,0.59,0.6,0.61,0.626,0.642,0.658,0.674,0.69,0.914,1.138,1.362,1.586,1.81,2.042,2.274,2.506,2.738,2.97,2.884,2.798,2.712,2.626,2.54,2.508,2.476,2.444,2.412,2.38,2.47,2.56,2.65,2.74,2.83,2.88,2.93,2.98,3.03,3.08,3.12,3.16,3.2,3.24,3.28,3.302,3.324,3.346,3.368,3.39,3.408,3.426,3.444,3.462,3.48,3.494,3.508,3.522,3.536,3.55,,,,,,,,,,,,,,,,,,,,,,,,,,,,,,
Belgium,0.11,0.118,0.126,0.134,0.142,0.15,0.16,0.17,0.18,0.19,0.2,0.202,0.204,0.206,0.208,0.21,0.214,0.218,0.222,0.226,0.23,0.224,0.218,0.212,0.206,0.2,0.19,0.18,0.17,0.16,0.15,0.148,0.146,0.144,0.142,0.14,0.142,0.144,0.146,0.148,0.15,0.154,0.158,0.162,0.166,0.17,0.184,0.198,0.212,0.226,0.24,0.252,0.264,0.276,0.288,0.3,0.338,0.376,0.414,0.452,0.49,0.514,0.538,0.562,0.586,0.61,0.64,0.67,0.7,0.73,0.76,0.816,0.872,0.928,0.984,1.04,1.088,1.136,1.184,1.232,1.28,1.304,1.328,1.352,1.376,1.4,1.438,1.476,1.514,1.552,1.59,1.622,1.654,1.686,1.718,1.75,1.814,1.878,1.942,2.006,2.07,2.146,2.222,2.298,2.374,2.45,2.538,2.626,2.714,2.802,2.89,2.966,3.042,3.118,3.194,3.27,3.354,3.438,3.522,3.606,3.69,3.784,3.878,3.972,4.066,4.16,4.202,4.244,4.286,4.328,4.37,4.398,4.426,4.454,4.482,4.51,4.526,4.542,4.558,4.574,4.59,4.594,4.598,4.602,4.606,4.61,4.642,4.674,4.706,4.738,4.77,4.788,4.806,4.824,4.842,4.86,4.884,4.908,4.932,4.956,4.98,4.99,5,5.01,5.02,5.03,5.04,5.05,5.06,5.07,5.08
Belize,,,,,,,,,,,,,,,,,,,,,,,,,,,,,,,,,,,,0.07,0.084,0.098,0.112,0.126,0.14,0.152,0.164,0.176,0.188,0.2,0.29,0.38,0.47,0.56,0.65,0.662,0.674,0.686,0.698,0.71,0.732,0.754,0.776,0.798,0.82,0.832,0.844,0.856,0.868,0.88,0.89,0.9,0.91,0.92,0.93,0.94,0.95,0.96,0.97,0.98,0.968,0.956,0.944,0.932,0.92,0.926,0.932,0.938,0.944,0.95,0.972,0.994,1.016,1.038,1.06,1.016,0.972,0.928,0.884,0.84,0.8,0.76,0.72,0.68,0.64,0.666,0.692,0.718,0.744,0.77,0.8,0.83,0.86,0.89,0.92,0.966,1.012,1.058,1.104,1.15,1.214,1.278,1.342,1.406,1.47,1.542,1.614,1.686,1.758,1.83,1.896,1.962,2.028,2.094,2.16,2.256,2.352,2.448,2.544,2.64,2.802,2.964,3.126,3.288,3.45,,,,,,,,,,,,,,,,,,,,,,,,,,,,,,
Benin,,,,,,,,,,,,,,,,,,,,,,,,,,,,,,,,,,,,0.01,0.01,0.01,0.01,0.01,0.01,0.01,0.01,0.01,0.01,0.01,0.01,0.01,0.01,0.01,0.01,0.014,0.018,0.022,0.026,0.03,0.032,0.034,0.036,0.038,0.04,0.044,0.048,0.052,0.056,0.06,0.066,0.072,0.078,0.084,0.09,0.092,0.094,0.096,0.098,0.1,0.102,0.104,0.106,0.108,0.11,0.114,0.118,0.122,0.126,0.13,0.132,0.134,0.136,0.138,0.14,0.144,0.148,0.152,0.156,0.16,0.162,0.164,0.166,0.168,0.17,0.176,0.182,0.188,0.194,0.2,0.226,0.252,0.278,0.304,0.33,0.37,0.41,0.45,0.49,0.53,0.566,0.602,0.638,0.674,0.71,0.744,0.778,0.812,0.846,0.88,0.934,0.988,1.042,1.096,1.15,1.206,1.262,1.318,1.374,1.43,1.498,1.566,1.634,1.702,1.77,,,,,,,,,,,,,,,,,,,,,,,,,,,,,,
Bolivia,,,,,,0.01,0.01,0.01,0.01,0.01,0.01,0.01,0.01,0.01,0.01,0.01,0.01,0.01,0.01,0.01,0.01,0.012,0.014,0.016,0.018,0.02,0.02,0.02,0.02,0.02,0.02,0.022,0.024,0.026,0.028,0.03,0.03,0.03,0.03,0.03,0.03,0.032,0.034,0.036,0.038,0.04,0.052,0.064,0.076,0.088,0.1,0.11,0.12,0.13,0.14,0.15,0.16,0.17,0.18,0.19,0.2,0.26,0.32,0.38,0.44,0.5,0.512,0.524,0.536,0.548,0.56,0.572,0.584,0.596,0.608,0.62,0.642,0.664,0.686,0.708,0.73,0.748,0.766,0.784,0.802,0.82,0.836,0.852,0.868,0.884,0.9,0.934,0.968,1.002,1.036,1.07,1.098,1.126,1.154,1.182,1.21,1.266,1.322,1.378,1.434,1.49,1.53,1.57,1.61,1.65,1.69,1.73,1.77,1.81,1.85,1.89,1.942,1.994,2.046,2.098,2.15,2.142,2.134,2.126,2.118,2.11,2.148,2.186,2.224,2.262,2.3,2.286,2.272,2.258,2.244,2.23,2.21,2.19,2.17,2.15,2.13,,,,,,,,,,,,,,,,,,,,,,,,,,,,,,
Brazil,0.01,0.01,0.01,0.01,0.01,0.01,0.01,0.01,0.01,0.01,0.01,0.01,0.01,0.01,0.01,0.01,0.012,0.014,0.016,0.018,0.02,0.02,0.02,0.02,0.02,0.02,0.026,0.032,0.038,0.044,0.05,0.056,0.062,0.068,0.074,0.08,0.09,0.1,0.11,0.12,0.13,0.136,0.142,0.148,0.154,0.16,0.164,0.168,0.172,0.176,0.18,0.184,0.188,0.192,0.196,0.2,0.206,0.212,0.218,0.224,0.23,0.234,0.238,0.242,0.246,0.25,0.256,0.262,0.268,0.274,0.28,0.286,0.292,0.298,0.304,0.31,0.318,0.326,0.334,0.342,0.35,0.366,0.382,0.398,0.414,0.43,0.45,0.47,0.49,0.51,0.53,0.556,0.582,0.608,0.634,0.66,0.704,0.748,0.792,0.836,0.88,0.844,0.808,0.772,0.736,0.7,0.73,0.76,0.79,0.82,0.85,0.88,0.91,0.94,0.97,1,1.012,1.024,1.036,1.048,1.06,1.092,1.124,1.156,1.188,1.22,1.274,1.328,1.382,1.436,1.49,1.544,1.598,1.652,1.706,1.76,1.834,1.908,1.982,2.056,2.13,,,,,,,,,,,,,,,,,,,,,,,,,,,,,,
Bulgaria,,,,,,,,,,,,,,,,0.01,0.014,0.018,0.022,0.026,0.03,0.038,0.046,0.054,0.062,0.07,0.074,0.078,0.082,0.086,0.09,0.092,0.094,0.096,0.098,0.1,0.116,0.132,0.148,0.164,0.18,0.31,0.44,0.57,0.7,0.83,0.882,0.934,0.986,1.038,1.09,1.112,1.134,1.156,1.178,1.2,1.192,1.184,1.176,1.168,1.16,1.162,1.164,1.166,1.168,1.17,1.196,1.222,1.248,1.274,1.3,1.306,1.312,1.318,1.324,1.33,1.32,1.31,1.3,1.29,1.28,1.402,1.524,1.646,1.768,1.89,1.938,1.986,2.034,2.082,2.13,2.01,1.89,1.77,1.65,1.53,1.71,1.89,2.07,2.25,2.43,2.468,2.506,2.544,2.582,2.62,2.662,2.704,2.746,2.788,2.83,2.862,2.894,2.926,2.958,2.99,2.958,2.926,2.894,2.862,2.83,2.854,2.878,2.902,2.926,2.95,2.928,2.906,2.884,2.862,2.84,2.924,3.008,3.092,3.176,3.26,3.328,3.396,3.464,3.532,3.6,,,,,,,,,,,,,,,,,,,,,,,,,,,,,,
"Burma (Myanmar)",,,,,,,,,,,,,,,,,,,,,0.01,0.01,0.01,0.01,0.01,0.01,0.018,0.026,0.034,0.042,0.05,0.058,0.066,0.074,0.082,0.09,0.098,0.106,0.114,0.122,0.13,0.154,0.178,0.202,0.226,0.25,0.26,0.27,0.28,0.29,0.3,0.306,0.312,0.318,0.324,0.33,0.34,0.35,0.36,0.37,0.38,0.39,0.4,0.41,0.42,0.43,0.438,0.446,0.454,0.462,0.47,0.466,0.462,0.458,0.454,0.45,0.444,0.438,0.432,0.426,0.42,0.424,0.428,0.432,0.436,0.44,0.44,0.44,0.44,0.44,0.44,0.45,0.46,0.47,0.48,0.49,0.502,0.514,0.526,0.538,0.55,0.566,0.582,0.598,0.614,0.63,0.676,0.722,0.768,0.814,0.86,0.9,0.94,0.98,1.02,1.06,0.992,0.924,0.856,0.788,0.72,0.738,0.756,0.774,0.792,0.81,0.84,0.87,0.9,0.93,0.96,1.006,1.052,1.098,1.144,1.19,1.242,1.294,1.346,1.398,1.45,,,,,,,,,,,,,,,,,,,,,,,,,,,,,,
Cambodia,,,,,,,,,,,,,,,,,,,,,,,,,,,,,,,,,,,,,,,,,,,,,,,,,,,,,,,,,,,,,,,,,,,,,,,0.01,0.012,0.014,0.016,0.018,0.02,0.024,0.028,0.032,0.036,0.04,0.044,0.048,0.052,0.056,0.06,0.082,0.104,0.126,0.148,0.17,0.18,0.19,0.2,0.21,0.22,0.234,0.248,0.262,0.276,0.29,0.306,0.322,0.338,0.354,0.37,0.382,0.394,0.406,0.418,0.43,0.436,0.442,0.448,0.454,0.46,0.472,0.484,0.496,0.508,0.52,0.526,0.532,0.538,0.544,0.55,0.55,0.55,0.55,0.55,0.55,0.6,0.65,0.7,0.75,0.8,0.846,0.892,0.938,0.984,1.03,1.04,1.05,1.06,1.07,1.08,1.122,1.164,1.206,1.248,1.29,1.34,1.39,1.44,1.49,1.54,1.602,1.664,1.726,1.788,1.85,1.916,1.982,2.048,2.114,2.18,2.248,2.316,2.384,2.452,2.52
Cameroon,,,,,,,,,,,,,,,,,,,,,,,,,,,,,,,,,,,,,,,,,,,,,,,,,,,,,,,,0.01,0.01,0.01,0.01,0.01,0.01,0.014,0.018,0.022,0.026,0.03,0.032,0.034,0.036,0.038,0.04,0.042,0.044,0.046,0.048,0.05,0.062,0.074,0.086,0.098,0.11,0.116,0.122,0.128,0.134,0.14,0.146,0.152,0.158,0.164,0.17,0.186,0.202,0.218,0.234,0.25,0.266,0.282,0.298,0.314,0.33,0.362,0.394,0.426,0.458,0.49,0.53,0.57,0.61,0.65,0.69,0.732,0.774,0.816,0.858,0.9,0.946,0.992,1.038,1.084,1.13,1.174,1.218,1.262,1.306,1.35,1.386,1.422,1.458,1.494,1.53,1.562,1.594,1.626,1.658,1.69,1.73,1.77,1.81,1.85,1.89,,,,,,,,,,,,,,,,,,,,,,,,,,,,,,
Canada,0.09,0.092,0.094,0.096,0.098,0.1,0.104,0.108,0.112,0.116,0.12,0.122,0.124,0.126,0.128,0.13,0.134,0.138,0.142,0.146,0.15,0.154,0.158,0.162,0.166,0.17,0.228,0.286,0.344,0.402,0.46,0.492,0.524,0.556,0.588,0.62,0.674,0.728,0.782,0.836,0.89,0.92,0.95,0.98,1.01,1.04,1.068,1.096,1.124,1.152,1.18,1.21,1.24,1.27,1.3,1.33,1.374,1.418,1.462,1.506,1.55,1.602,1.654,1.706,1.758,1.81,1.84,1.87,1.9,1.93,1.96,1.994,2.028,2.062,2.096,2.13,2.16,2.19,2.22,2.25,2.28,2.32,2.36,2.4,2.44,2.48,2.53,2.58,2.63,2.68,2.73,2.764,2.798,2.832,2.866,2.9,2.978,3.056,3.134,3.212,3.29,3.366,3.442,3.518,3.594,3.67,3.728,3.786,3.844,3.902,3.96,3.964,3.968,3.972,3.976,3.98,4.032,4.084,4.136,4.188,4.24,4.29,4.34,4.39,4.44,4.49,4.52,4.55,4.58,4.61,4.64,4.758,4.876,4.994,5.112,5.23,5.256,5.282,5.308,5.334,5.36,5.372,5.384,5.396,5.408,5.42,5.434,5.448,5.462,5.476,5.49,5.5,5.51,5.52,5.53,5.54,5.55,5.56,5.57,5.58,5.59,5.596,5.602,5.608,5.614,5.62,5.628,5.636,5.644,5.652,5.66
Chile,0.02,0.02,0.02,0.02,0.02,0.02,0.022,0.024,0.026,0.028,0.03,0.03,0.03,0.03,0.03,0.03,0.032,0.034,0.036,0.038,0.04,0.042,0.044,0.046,0.048,0.05,0.078,0.106,0.134,0.162,0.19,0.202,0.214,0.226,0.238,0.25,0.286,0.322,0.358,0.394,0.43,0.454,0.478,0.502,0.526,0.55,0.57,0.59,0.61,0.63,0.65,0.67,0.69,0.71,0.73,0.75,0.758,0.766,0.774,0.782,0.79,0.79,0.79,0.79,0.79,0.79,0.81,0.83,0.85,0.87,0.89,0.906,0.922,0.938,0.954,0.97,0.982,0.994,1.006,1.018,1.03,1.044,1.058,1.072,1.086,1.1,1.114,1.128,1.142,1.156,1.17,1.206,1.242,1.278,1.314,1.35,1.386,1.422,1.458,1.494,1.53,1.574,1.618,1.662,1.706,1.75,1.802,1.854,1.906,1.958,2.01,2.092,2.174,2.256,2.338,2.42,2.518,2.616,2.714,2.812,2.91,2.958,3.006,3.054,3.102,3.15,3.216,3.282,3.348,3.414,3.48,3.556,3.632,3.708,3.784,3.86,3.918,3.976,4.034,4.092,4.15,,,,,,,,,,,,,,,,,,,,,,,,,,,,,,
China,,,,,,,,,,,,,,,,,,,,,,,,,,,,,,,,,,,,,,,,,,,,,,0.01,0.01,0.01,0.01,0.01,0.01,0.012,0.014,0.016,0.018,0.02,0.022,0.024,0.026,0.028,0.03,0.032,0.034,0.036,0.038,0.04,0.09,0.14,0.19,0.24,0.29,0.292,0.294,0.296,0.298,0.3,0.308,0.316,0.324,0.332,0.34,0.354,0.368,0.382,0.396,0.41,0.436,0.462,0.488,0.514,0.54,0.568,0.596,0.624,0.652,0.68,0.718,0.756,0.794,0.832,0.87,0.92,0.97,1.02,1.07,1.12,1.19,1.26,1.33,1.4,1.47,1.514,1.558,1.602,1.646,1.69,1.726,1.762,1.798,1.834,1.87,1.948,2.026,2.104,2.182,2.26,2.326,2.392,2.458,2.524,2.59,2.618,2.646,2.674,2.702,2.73,2.744,2.758,2.772,2.786,2.8,2.942,3.084,3.226,3.368,3.51,3.572,3.634,3.696,3.758,3.82,3.872,3.924,3.976,4.028,4.08,4.144,4.208,4.272,4.336,4.4,4.462,4.524,4.586,4.648,4.71,4.772,4.834,4.896,4.958,5.02
Colombia,0.01,0.01,0.01,0.01,0.01,0.01,0.01,0.01,0.01,0.01,0.01,0.01,0.01,0.01,0.01,0.01,0.012,0.014,0.016,0.018,0.02,0.02,0.02,0.02,0.02,0.02,0.034,0.048,0.062,0.076,0.09,0.096,0.102,0.108,0.114,0.12,0.142,0.164,0.186,0.208,0.23,0.238,0.246,0.254,0.262,0.27,0.278,0.286,0.294,0.302,0.31,0.314,0.318,0.322,0.326,0.33,0.332,0.334,0.336,0.338,0.34,0.348,0.356,0.364,0.372,0.38,0.384,0.388,0.392,0.396,0.4,0.404,0.408,0.412,0.416,0.42,0.418,0.416,0.414,0.412,0.41,0.422,0.434,0.446,0.458,0.47,0.49,0.51,0.53,0.55,0.57,0.596,0.622,0.648,0.674,0.7,0.748,0.796,0.844,0.892,0.94,0.984,1.028,1.072,1.116,1.16,1.214,1.268,1.322,1.376,1.43,1.494,1.558,1.622,1.686,1.75,1.81,1.87,1.93,1.99,2.05,2.124,2.198,2.272,2.346,2.42,2.458,2.496,2.534,2.572,2.61,2.662,2.714,2.766,2.818,2.87,3.046,3.222,3.398,3.574,3.75,,,,,,,,,,,,,,,,,,,,,,,,,,,,,,
"Congo (Kinshasa)",,,,,,,,,,,,,,,,,,,,,,,,,,,,,,,,,,,,,,,,,,,,,,0.02,0.02,0.02,0.02,0.02,0.02,0.02,0.02,0.02,0.02,0.02,0.022,0.024,0.026,0.028,0.03,0.03,0.03,0.03,0.03,0.03,0.03,0.03,0.03,0.03,0.03,0.03,0.03,0.03,0.03,0.03,0.032,0.034,0.036,0.038,0.04,0.042,0.044,0.046,0.048,0.05,0.056,0.062,0.068,0.074,0.08,0.086,0.092,0.098,0.104,0.11,0.12,0.13,0.14,0.15,0.16,0.174,0.188,0.202,0.216,0.23,0.262,0.294,0.326,0.358,0.39,0.448,0.506,0.564,0.622,0.68,0.716,0.752,0.788,0.824,0.86,0.872,0.884,0.896,0.908,0.92,0.922,0.924,0.926,0.928,0.93,0.938,0.946,0.954,0.962,0.97,0.988,1.006,1.024,1.042,1.06,,,,,,,,,,,,,,,,,,,,,,,,,,,,,,
"Costa Rica",,,,,,,,,,,,,,,,,,,,,,,,,,,,,,,0.09,0.098,0.106,0.114,0.122,0.13,0.138,0.146,0.154,0.162,0.17,0.176,0.182,0.188,0.194,0.2,0.206,0.212,0.218,0.224,0.23,0.234,0.238,0.242,0.246,0.25,0.252,0.254,0.256,0.258,0.26,0.264,0.268,0.272,0.276,0.28,0.282,0.284,0.286,0.288,0.29,0.292,0.294,0.296,0.298,0.3,0.304,0.308,0.312,0.316,0.32,0.332,0.344,0.356,0.368,0.38,0.392,0.404,0.416,0.428,0.44,0.46,0.48,0.5,0.52,0.54,0.542,0.544,0.546,0.548,0.55,0.636,0.722,0.808,0.894,0.98,1.04,1.1,1.16,1.22,1.28,1.33,1.38,1.43,1.48,1.53,1.564,1.598,1.632,1.666,1.7,1.736,1.772,1.808,1.844,1.88,1.92,1.96,2,2.04,2.08,2.15,2.22,2.29,2.36,2.43,2.402,2.374,2.346,2.318,2.29,,,,,,,,,,,,,,,,,,,,,,,,,,,,,,
Cuba,0.01,0.01,0.01,0.01,0.01,0.01,0.01,0.01,0.01,0.01,0.01,0.012,0.014,0.016,0.018,0.02,0.02,0.02,0.02,0.02,0.02,0.022,0.024,0.026,0.028,0.03,0.032,0.034,0.036,0.038,0.04,0.044,0.048,0.052,0.056,0.06,0.062,0.064,0.066,0.068,0.07,0.076,0.082,0.088,0.094,0.1,0.102,0.104,0.106,0.108,0.11,0.114,0.118,0.122,0.126,0.13,0.132,0.134,0.136,0.138,0.14,0.142,0.144,0.146,0.148,0.15,0.152,0.154,0.156,0.158,0.16,0.162,0.164,0.166,0.168,0.17,0.176,0.182,0.188,0.194,0.2,0.206,0.212,0.218,0.224,0.23,0.262,0.294,0.326,0.358,0.39,0.428,0.466,0.504,0.542,0.58,0.66,0.74,0.82,0.9,0.98,1.1,1.22,1.34,1.46,1.58,1.758,1.936,2.114,2.292,2.47,2.61,2.75,2.89,3.03,3.17,3.266,3.362,3.458,3.554,3.65,3.706,3.762,3.818,3.874,3.93,3.968,4.006,4.044,4.082,4.12,4.166,4.212,4.258,4.304,4.35,4.414,4.478,4.542,4.606,4.67,,,,,,,,,,,,,,,,,,,,,,,,,,,,,,
Cyprus,,,,,,,,,,,,,,,,0.01,0.01,0.01,0.01,0.01,0.01,0.01,0.01,0.01,0.01,0.01,0.02,0.03,0.04,0.05,0.06,0.064,0.068,0.072,0.076,0.08,0.078,0.076,0.074,0.072,0.07,0.078,0.086,0.094,0.102,0.11,0.116,0.122,0.128,0.134,0.14,0.152,0.164,0.176,0.188,0.2,0.212,0.224,0.236,0.248,0.26,0.268,0.276,0.284,0.292,0.3,0.302,0.304,0.306,0.308,0.31,0.318,0.326,0.334,0.342,0.35,0.374,0.398,0.422,0.446,0.47,0.518,0.566,0.614,0.662,0.71,0.778,0.846,0.914,0.982,1.05,1.104,1.158,1.212,1.266,1.32,1.37,1.42,1.47,1.52,1.57,1.646,1.722,1.798,1.874,1.95,2.058,2.166,2.274,2.382,2.49,2.598,2.706,2.814,2.922,3.03,3.13,3.23,3.33,3.43,3.53,3.598,3.666,3.734,3.802,3.87,3.936,4.002,4.068,4.134,4.2,4.158,4.116,4.074,4.032,3.99,4.132,4.274,4.416,4.558,4.7,,,,,,,,,,,,,,,,,,,,,,,,,,,,,,
"Czech Republic",0.01,0.01,0.01,0.01,0.01,0.01,0.012,0.014,0.016,0.018,0.02,0.02,0.02,0.02,0.02,0.02,0.022,0.024,0.026,0.028,0.03,0.03,0.03,0.03,0.03,0.03,0.032,0.034,0.036,0.038,0.04,0.048,0.056,0.064,0.072,0.08,0.086,0.092,0.098,0.104,0.11,0.118,0.126,0.134,0.142,0.15,0.154,0.158,0.162,0.166,0.17,0.19,0.21,0.23,0.25,0.27,0.288,0.306,0.324,0.342,0.36,0.382,0.404,0.426,0.448,0.47,0.484,0.498,0.512,0.526,0.54,0.558,0.576,0.594,0.612,0.63,0.63,0.63,0.63,0.63,0.63,0.648,0.666,0.684,0.702,0.72,0.736,0.752,0.768,0.784,0.8,0.886,0.972,1.058,1.144,1.23,1.33,1.43,1.53,1.63,1.73,1.8,1.87,1.94,2.01,2.08,2.122,2.164,2.206,2.248,2.29,2.306,2.322,2.338,2.354,2.37,2.414,2.458,2.502,2.546,2.59,2.768,2.946,3.124,3.302,3.48,3.576,3.672,3.768,3.864,3.96,3.96,3.96,3.96,3.96,3.96,3.982,4.004,4.026,4.048,4.07,,,,,,,,,,,,,,,,,,,,,,,,,,,,,,
Denmark,0.11,0.11,0.11,0.11,0.11,0.11,0.112,0.114,0.116,0.118,0.12,0.124,0.128,0.132,0.136,0.14,0.144,0.148,0.152,0.156,0.16,0.164,0.168,0.172,0.176,0.18,0.182,0.184,0.186,0.188,0.19,0.194,0.198,0.202,0.206,0.21,0.244,0.278,0.312,0.346,0.38,0.406,0.432,0.458,0.484,0.51,0.542,0.574,0.606,0.638,0.67,0.708,0.746,0.784,0.822,0.86,0.904,0.948,0.992,1.036,1.08,1.126,1.172,1.218,1.264,1.31,1.35,1.39,1.43,1.47,1.51,1.584,1.658,1.732,1.806,1.88,1.914,1.948,1.982,2.016,2.05,1.894,1.738,1.582,1.426,1.27,1.354,1.438,1.522,1.606,1.69,1.81,1.93,2.05,2.17,2.29,2.402,2.514,2.626,2.738,2.85,2.932,3.014,3.096,3.178,3.26,3.342,3.424,3.506,3.588,3.67,3.726,3.782,3.838,3.894,3.95,4.052,4.154,4.256,4.358,4.46,4.518,4.576,4.634,4.692,4.75,4.798,4.846,4.894,4.942,4.99,5.002,5.014,5.026,5.038,5.05,5.046,5.042,5.038,5.034,5.03,5.022,5.014,5.006,4.998,4.99,4.994,4.998,5.002,5.006,5.01,5.01,5.01,5.01,5.01,5.01,5.01,5.01,5.01,5.01,5.01,5.008,5.006,5.004,5.002,5,4.996,4.992,4.988,4.984,4.98
"Dominican Republic",,,,,,,,,,,,,,,,,,,,,,,,,,,,,,,,,,,,0.03,0.034,0.038,0.042,0.046,0.05,0.054,0.058,0.062,0.066,0.07,0.07,0.07,0.07,0.07,0.07,0.076,0.082,0.088,0.094,0.1,0.102,0.104,0.106,0.108,0.11,0.112,0.114,0.116,0.118,0.12,0.124,0.128,0.132,0.136,0.14,0.142,0.144,0.146,0.148,0.15,0.154,0.158,0.162,0.166,0.17,0.17,0.17,0.17,0.17,0.17,0.174,0.178,0.182,0.186,0.19,0.252,0.314,0.376,0.438,0.5,0.574,0.648,0.722,0.796,0.87,0.916,0.962,1.008,1.054,1.1,1.158,1.216,1.274,1.332,1.39,1.444,1.498,1.552,1.606,1.66,1.69,1.72,1.75,1.78,1.81,1.84,1.87,1.9,1.93,1.96,1.998,2.036,2.074,2.112,2.15,2.2,2.25,2.3,2.35,2.4,2.48,2.56,2.64,2.72,2.8,,,,,,,,,,,,,,,,,,,,,,,,,,,,,,
Ecuador,,,,,,,,,,,,,,,,,,,,,,,,,,,,,,,0.04,0.044,0.048,0.052,0.056,0.06,0.072,0.084,0.096,0.108,0.12,0.124,0.128,0.132,0.136,0.14,0.144,0.148,0.152,0.156,0.16,0.164,0.168,0.172,0.176,0.18,0.184,0.188,0.192,0.196,0.2,0.204,0.208,0.212,0.216,0.22,0.224,0.228,0.232,0.236,0.24,0.244,0.248,0.252,0.256,0.26,0.27,0.28,0.29,0.3,0.31,0.326,0.342,0.358,0.374,0.39,0.408,0.426,0.444,0.462,0.48,0.506,0.532,0.558,0.584,0.61,0.638,0.666,0.694,0.722,0.75,0.79,0.83,0.87,0.91,0.95,1.08,1.21,1.34,1.47,1.6,1.668,1.736,1.804,1.872,1.94,1.996,2.052,2.108,2.164,2.22,2.234,2.248,2.262,2.276,2.29,2.302,2.314,2.326,2.338,2.35,2.35,2.35,2.35,2.35,2.35,2.366,2.382,2.398,2.414,2.43,,,,,,,,,,,,,,,,,,,,,,,,,,,,,,
Egypt,,,,,,,,,,,,,,,,,,,,,,,,,,0.01,0.01,0.01,0.01,0.01,0.01,0.01,0.01,0.01,0.01,0.01,0.01,0.01,0.01,0.01,0.01,0.014,0.018,0.022,0.026,0.03,0.036,0.042,0.048,0.054,0.06,0.068,0.076,0.084,0.092,0.1,0.106,0.112,0.118,0.124,0.13,0.122,0.114,0.106,0.098,0.09,0.094,0.098,0.102,0.106,0.11,0.11,0.11,0.11,0.11,0.11,0.118,0.126,0.134,0.142,0.15,0.158,0.166,0.174,0.182,0.19,0.198,0.206,0.214,0.222,0.23,0.244,0.258,0.272,0.286,0.3,0.314,0.328,0.342,0.356,0.37,0.4,0.43,0.46,0.49,0.52,0.592,0.664,0.736,0.808,0.88,0.964,1.048,1.132,1.216,1.3,1.364,1.428,1.492,1.556,1.62,1.692,1.764,1.836,1.908,1.98,2.066,2.152,2.238,2.324,2.41,2.49,2.57,2.65,2.73,2.81,2.87,2.93,2.99,3.05,3.11,,,,,,,,,,,,,,,,,,,,,,,,,,,,,,
"El Salvador",0.01,0.01,0.01,0.01,0.01,0.01,0.012,0.014,0.016,0.018,0.02,0.02,0.02,0.02,0.02,0.02,0.022,0.024,0.026,0.028,0.03,0.032,0.034,0.036,0.038,0.04,0.044,0.048,0.052,0.056,0.06,0.062,0.064,0.066,0.068,0.07,0.076,0.082,0.088,0.094,0.1,0.102,0.104,0.106,0.108,0.11,0.11,0.11,0.11,0.11,0.11,0.112,0.114,0.116,0.118,0.12,0.12,0.12,0.12,0.12,0.12,0.12,0.12,0.12,0.12,0.12,0.12,0.12,0.12,0.12,0.12,0.122,0.124,0.126,0.128,0.13,0.134,0.138,0.142,0.146,0.15,0.158,0.166,0.174,0.182,0.19,0.204,0.218,0.232,0.246,0.26,0.276,0.292,0.308,0.324,0.34,0.36,0.38,0.4,0.42,0.44,0.458,0.476,0.494,0.512,0.53,0.548,0.566,0.584,0.602,0.62,0.646,0.672,0.698,0.724,0.75,0.754,0.758,0.762,0.766,0.77,0.804,0.838,0.872,0.906,0.94,0.984,1.028,1.072,1.116,1.16,1.202,1.244,1.286,1.328,1.37,1.406,1.442,1.478,1.514,1.55,,,,,,,,,,,,,,,,,,,,,,,,,,,,,,
Fiji,,,,,,,,,,,,,,,,,,,,,,,,,,,,,,,,,,,,,,,,,0.01,0.01,0.01,0.01,0.01,0.01,0.014,0.018,0.022,0.026,0.03,0.044,0.058,0.072,0.086,0.1,0.104,0.108,0.112,0.116,0.12,0.124,0.128,0.132,0.136,0.14,0.142,0.144,0.146,0.148,0.15,0.152,0.154,0.156,0.158,0.16,0.168,0.176,0.184,0.192,0.2,0.21,0.22,0.23,0.24,0.25,0.26,0.27,0.28,0.29,0.3,0.322,0.344,0.366,0.388,0.41,0.44,0.47,0.5,0.53,0.56,0.606,0.652,0.698,0.744,0.79,0.844,0.898,0.952,1.006,1.06,1.116,1.172,1.228,1.284,1.34,1.48,1.62,1.76,1.9,2.04,2.22,2.4,2.58,2.76,2.94,2.93,2.92,2.91,2.9,2.89,2.878,2.866,2.854,2.842,2.83,2.96,3.09,3.22,3.35,3.48,3.78,4.08,4.38,4.68,4.98,5.05,5.12,5.19,5.26,5.33,5.402,5.474,5.546,5.618,5.69,5.75,5.81,5.87,5.93,5.99,6.044,6.098,6.152,6.206,6.26,6.3,6.34,6.38,6.42,6.46
Finland,0.02,0.02,0.02,0.02,0.02,0.02,0.022,0.024,0.026,0.028,0.03,0.032,0.034,0.036,0.038,0.04,0.042,0.044,0.046,0.048,0.05,0.052,0.054,0.056,0.058,0.06,0.068,0.076,0.084,0.092,0.1,0.106,0.112,0.118,0.124,0.13,0.128,0.126,0.124,0.122,0.12,0.128,0.136,0.144,0.152,0.16,0.164,0.168,0.172,0.176,0.18,0.188,0.196,0.204,0.212,0.22,0.228,0.236,0.244,0.252,0.26,0.274,0.288,0.302,0.316,0.33,0.336,0.342,0.348,0.354,0.36,0.376,0.392,0.408,0.424,0.44,0.458,0.476,0.494,0.512,0.53,0.548,0.566,0.584,0.602,0.62,0.646,0.672,0.698,0.724,0.75,0.864,0.978,1.092,1.206,1.32,1.442,1.564,1.686,1.808,1.93,2.08,2.23,2.38,2.53,2.68,2.8,2.92,3.04,3.16,3.28,3.228,3.176,3.124,3.072,3.02,3.07,3.12,3.17,3.22,3.27,3.33,3.39,3.45,3.51,3.57,3.628,3.686,3.744,3.802,3.86,3.912,3.964,4.016,4.068,4.12,4.138,4.156,4.174,4.192,4.21,4.22,4.23,4.24,4.25,4.26,4.292,4.324,4.356,4.388,4.42,4.424,4.428,4.432,4.436,4.44,4.448,4.456,4.464,4.472,4.48,4.488,4.496,4.504,4.512,4.52,4.53,4.54,4.55,4.56,4.57
France,0.02,0.02,0.02,0.02,0.02,0.02,0.022,0.024,0.026,0.028,0.03,0.038,0.046,0.054,0.062,0.07,0.064,0.058,0.052,0.046,0.04,0.042,0.044,0.046,0.048,0.05,0.052,0.054,0.056,0.058,0.06,0.068,0.076,0.084,0.092,0.1,0.108,0.116,0.124,0.132,0.14,0.142,0.144,0.146,0.148,0.15,0.154,0.158,0.162,0.166,0.17,0.18,0.19,0.2,0.21,0.22,0.232,0.244,0.256,0.268,0.28,0.292,0.304,0.316,0.328,0.34,0.354,0.368,0.382,0.396,0.41,0.426,0.442,0.458,0.474,0.49,0.504,0.518,0.532,0.546,0.56,0.576,0.592,0.608,0.624,0.64,0.63,0.62,0.61,0.6,0.59,0.646,0.702,0.758,0.814,0.87,0.958,1.046,1.134,1.222,1.31,1.398,1.486,1.574,1.662,1.75,1.808,1.866,1.924,1.982,2.04,2.2,2.36,2.52,2.68,2.84,2.984,3.128,3.272,3.416,3.56,3.698,3.836,3.974,4.112,4.25,4.37,4.49,4.61,4.73,4.85,4.948,5.046,5.144,5.242,5.34,5.404,5.468,5.532,5.596,5.66,5.702,5.744,5.786,5.828,5.87,5.914,5.958,6.002,6.046,6.09,6.116,6.142,6.168,6.194,6.22,6.248,6.276,6.304,6.332,6.36,6.376,6.392,6.408,6.424,6.44,6.458,6.476,6.494,6.512,6.53
Gambia,,,,,,,,,,,,,,,,,,,,,,,,,,,,,,,,,,,,,,,,,0.01,0.014,0.018,0.022,0.026,0.03,0.032,0.034,0.036,0.038,0.04,0.042,0.044,0.046,0.048,0.05,0.052,0.054,0.056,0.058,0.06,0.072,0.084,0.096,0.108,0.12,0.122,0.124,0.126,0.128,0.13,0.132,0.134,0.136,0.138,0.14,0.144,0.148,0.152,0.156,0.16,0.162,0.164,0.166,0.168,0.17,0.172,0.174,0.176,0.178,0.18,0.186,0.192,0.198,0.204,0.21,0.214,0.218,0.222,0.226,0.23,0.238,0.246,0.254,0.262,0.27,0.288,0.306,0.324,0.342,0.36,0.384,0.408,0.432,0.456,0.48,0.504,0.528,0.552,0.576,0.6,0.644,0.688,0.732,0.776,0.82,0.868,0.916,0.964,1.012,1.06,1.126,1.192,1.258,1.324,1.39,1.422,1.454,1.486,1.518,1.55,,,,,,,,,,,,,,,,,,,,,,,,,,,,,,
Germany,0.17,0.176,0.182,0.188,0.194,0.2,0.204,0.208,0.212,0.216,0.22,0.224,0.228,0.232,0.236,0.24,0.244,0.248,0.252,0.256,0.26,0.262,0.264,0.266,0.268,0.27,0.274,0.278,0.282,0.286,0.29,0.292,0.294,0.296,0.298,0.3,0.302,0.304,0.306,0.308,0.31,0.318,0.326,0.334,0.342,0.35,0.362,0.374,0.386,0.398,0.41,0.42,0.43,0.44,0.45,0.46,0.44,0.42,0.4,0.38,0.36,0.372,0.384,0.396,0.408,0.42,0.428,0.436,0.444,0.452,0.46,0.47,0.48,0.49,0.5,0.51,0.536,0.562,0.588,0.614,0.64,0.648,0.656,0.664,0.672,0.68,0.688,0.696,0.704,0.712,0.72,0.746,0.772,0.798,0.824,0.85,0.854,0.858,0.862,0.866,0.87,0.952,1.034,1.116,1.198,1.28,1.374,1.468,1.562,1.656,1.75,1.864,1.978,2.092,2.206,2.32,2.578,2.836,3.094,3.352,3.61,3.83,4.05,4.27,4.49,4.71,4.87,5.03,5.19,5.35,5.51,5.836,6.162,6.488,6.814,7.14,7.296,7.452,7.608,7.764,7.92,7.952,7.984,8.016,8.048,8.08,8.096,8.112,8.128,8.144,8.16,8.178,8.196,8.214,8.232,8.25,8.27,8.29,8.31,8.33,8.35,8.368,8.386,8.404,8.422,8.44,8.46,8.48,8.5,8.52,8.54
Ghana,,,,,,,,,,,,,,,,,,,,,,,,,,,,,,,,,,,,,,,,,0.01,0.01,0.01,0.01,0.01,0.01,0.012,0.014,0.016,0.018,0.02,0.02,0.02,0.02,0.02,0.02,0.02,0.02,0.02,0.02,0.02,0.022,0.024,0.026,0.028,0.03,0.034,0.038,0.042,0.046,0.05,0.052,0.054,0.056,0.058,0.06,0.066,0.072,0.078,0.084,0.09,0.094,0.098,0.102,0.106,0.11,0.11,0.11,0.11,0.11,0.11,0.188,0.266,0.344,0.422,0.5,0.644,0.788,0.932,1.076,1.22,1.302,1.384,1.466,1.548,1.63,1.7,1.77,1.84,1.91,1.98,2.046,2.112,2.178,2.244,2.31,2.342,2.374,2.406,2.438,2.47,2.482,2.494,2.506,2.518,2.53,2.57,2.61,2.65,2.69,2.73,2.798,2.866,2.934,3.002,3.07,3.096,3.122,3.148,3.174,3.2,,,,,,,,,,,,,,,,,,,,,,,,,,,,,,
Greece,0.05,0.05,0.05,0.05,0.05,0.05,0.052,0.054,0.056,0.058,0.06,0.06,0.06,0.06,0.06,0.06,0.062,0.064,0.066,0.068,0.07,0.07,0.07,0.07,0.07,0.07,0.082,0.094,0.106,0.118,0.13,0.136,0.142,0.148,0.154,0.16,0.166,0.172,0.178,0.184,0.19,0.202,0.214,0.226,0.238,0.25,0.258,0.266,0.274,0.282,0.29,0.31,0.33,0.35,0.37,0.39,0.402,0.414,0.426,0.438,0.45,0.462,0.474,0.486,0.498,0.51,0.518,0.526,0.534,0.542,0.55,0.568,0.586,0.604,0.622,0.64,0.68,0.72,0.76,0.8,0.84,0.988,1.136,1.284,1.432,1.58,1.822,2.064,2.306,2.548,2.79,2.614,2.438,2.262,2.086,1.91,1.902,1.894,1.886,1.878,1.87,1.87,1.87,1.87,1.87,1.87,1.884,1.898,1.912,1.926,1.94,2.06,2.18,2.3,2.42,2.54,2.68,2.82,2.96,3.1,3.24,3.262,3.284,3.306,3.328,3.35,3.404,3.458,3.512,3.566,3.62,3.702,3.784,3.866,3.948,4.03,4.08,4.13,4.18,4.23,4.28,4.326,4.372,4.418,4.464,4.51,4.558,4.606,4.654,4.702,4.75,4.778,4.806,4.834,4.862,4.89,4.924,4.958,4.992,5.026,5.06,5.078,5.096,5.114,5.132,5.15,5.17,5.19,5.21,5.23,5.25
Guatemala,0.01,0.01,0.01,0.01,0.01,0.01,0.01,0.01,0.01,0.01,0.01,0.012,0.014,0.016,0.018,0.02,0.02,0.02,0.02,0.02,0.02,0.024,0.028,0.032,0.036,0.04,0.044,0.048,0.052,0.056,0.06,0.062,0.064,0.066,0.068,0.07,0.072,0.074,0.076,0.078,0.08,0.08,0.08,0.08,0.08,0.08,0.08,0.08,0.08,0.08,0.08,0.08,0.08,0.08,0.08,0.08,0.082,0.084,0.086,0.088,0.09,0.092,0.094,0.096,0.098,0.1,0.1,0.1,0.1,0.1,0.1,0.1,0.1,0.1,0.1,0.1,0.102,0.104,0.106,0.108,0.11,0.116,0.122,0.128,0.134,0.14,0.144,0.148,0.152,0.156,0.16,0.164,0.168,0.172,0.176,0.18,0.196,0.212,0.228,0.244,0.26,0.28,0.3,0.32,0.34,0.36,0.4,0.44,0.48,0.52,0.56,0.572,0.584,0.596,0.608,0.62,0.646,0.672,0.698,0.724,0.75,0.772,0.794,0.816,0.838,0.86,0.894,0.928,0.962,0.996,1.03,1.004,0.978,0.952,0.926,0.9,0.972,1.044,1.116,1.188,1.26,,,,,,,,,,,,,,,,,,,,,,,,,,,,,,
Guyana,,,,,,,,,,,,,,,,,,,,,,,,,,0.01,0.01,0.01,0.01,0.01,0.01,0.01,0.01,0.01,0.01,0.01,0.01,0.01,0.01,0.01,0.01,0.016,0.022,0.028,0.034,0.04,0.046,0.052,0.058,0.064,0.07,0.076,0.082,0.088,0.094,0.1,0.118,0.136,0.154,0.172,0.19,0.198,0.206,0.214,0.222,0.23,0.238,0.246,0.254,0.262,0.27,0.278,0.286,0.294,0.302,0.31,0.32,0.33,0.34,0.35,0.36,0.38,0.4,0.42,0.44,0.46,0.488,0.516,0.544,0.572,0.6,0.65,0.7,0.75,0.8,0.85,0.898,0.946,0.994,1.042,1.09,1.142,1.194,1.246,1.298,1.35,1.42,1.49,1.56,1.63,1.7,1.77,1.84,1.91,1.98,2.05,2.09,2.13,2.17,2.21,2.25,2.36,2.47,2.58,2.69,2.8,2.888,2.976,3.064,3.152,3.24,3.302,3.364,3.426,3.488,3.55,3.57,3.59,3.61,3.63,3.65,,,,,,,,,,,,,,,,,,,,,,,,,,,,,,
Haiti,,,,,,,,,,,,,,,,,,,,,,,,,,,,,,,0.03,0.032,0.034,0.036,0.038,0.04,0.042,0.044,0.046,0.048,0.05,0.052,0.054,0.056,0.058,0.06,0.062,0.064,0.066,0.068,0.07,0.072,0.074,0.076,0.078,0.08,0.082,0.084,0.086,0.088,0.09,0.1,0.11,0.12,0.13,0.14,0.156,0.172,0.188,0.204,0.22,0.222,0.224,0.226,0.228,0.23,0.21,0.19,0.17,0.15,0.13,0.134,0.138,0.142,0.146,0.15,0.158,0.166,0.174,0.182,0.19,0.196,0.202,0.208,0.214,0.22,0.234,0.248,0.262,0.276,0.29,0.314,0.338,0.362,0.386,0.41,0.448,0.486,0.524,0.562,0.6,0.646,0.692,0.738,0.784,0.83,0.876,0.922,0.968,1.014,1.06,1.104,1.148,1.192,1.236,1.28,1.322,1.364,1.406,1.448,1.49,1.53,1.57,1.61,1.65,1.69,1.706,1.722,1.738,1.754,1.77,,,,,,,,,,,,,,,,,,,,,,,,,,,,,,
Honduras,0.01,0.012,0.014,0.016,0.018,0.02,0.02,0.02,0.02,0.02,0.02,0.022,0.024,0.026,0.028,0.03,0.03,0.03,0.03,0.03,0.03,0.03,0.03,0.03,0.03,0.03,0.032,0.034,0.036,0.038,0.04,0.042,0.044,0.046,0.048,0.05,0.054,0.058,0.062,0.066,0.07,0.074,0.078,0.082,0.086,0.09,0.098,0.106,0.114,0.122,0.13,0.132,0.134,0.136,0.138,0.14,0.142,0.144,0.146,0.148,0.15,0.152,0.154,0.156,0.158,0.16,0.16,0.16,0.16,0.16,0.16,0.162,0.164,0.166,0.168,0.17,0.17,0.17,0.17,0.17,0.17,0.174,0.178,0.182,0.186,0.19,0.194,0.198,0.202,0.206,0.21,0.218,0.226,0.234,0.242,0.25,0.262,0.274,0.286,0.298,0.31,0.324,0.338,0.352,0.366,0.38,0.438,0.496,0.554,0.612,0.67,0.732,0.794,0.856,0.918,0.98,0.998,1.016,1.034,1.052,1.07,1.096,1.122,1.148,1.174,1.2,1.224,1.248,1.272,1.296,1.32,1.356,1.392,1.428,1.464,1.5,1.544,1.588,1.632,1.676,1.72,,,,,,,,,,,,,,,,,,,,,,,,,,,,,,
"Hong Kong",,,,,,,,,,,,,,,,,,,,,,,,,,,,,,,0.01,0.01,0.01,0.01,0.01,0.01,0.024,0.038,0.052,0.066,0.08,0.094,0.108,0.122,0.136,0.15,0.164,0.178,0.192,0.206,0.22,0.316,0.412,0.508,0.604,0.7,0.726,0.752,0.778,0.804,0.83,0.85,0.87,0.89,0.91,0.93,0.962,0.994,1.026,1.058,1.09,1.116,1.142,1.168,1.194,1.22,1.246,1.272,1.298,1.324,1.35,1.366,1.382,1.398,1.414,1.43,1.446,1.462,1.478,1.494,1.51,1.586,1.662,1.738,1.814,1.89,1.966,2.042,2.118,2.194,2.27,2.34,2.41,2.48,2.55,2.62,2.76,2.9,3.04,3.18,3.32,3.43,3.54,3.65,3.76,3.87,3.968,4.066,4.164,4.262,4.36,4.38,4.4,4.42,4.44,4.46,4.482,4.504,4.526,4.548,4.57,4.74,4.91,5.08,5.25,5.42,5.456,5.492,5.528,5.564,5.6,5.604,5.608,5.612,5.616,5.62,5.688,5.756,5.824,5.892,5.96,6.008,6.056,6.104,6.152,6.2,6.256,6.312,6.368,6.424,6.48,6.508,6.536,6.564,6.592,6.62,6.648,6.676,6.704,6.732,6.76
Hungary,0.05,0.05,0.05,0.05,0.05,0.05,0.052,0.054,0.056,0.058,0.06,0.062,0.064,0.066,0.068,0.07,0.07,0.07,0.07,0.07,0.07,0.072,0.074,0.076,0.078,0.08,0.08,0.08,0.08,0.08,0.08,0.084,0.088,0.092,0.096,0.1,0.1,0.1,0.1,0.1,0.1,0.102,0.104,0.106,0.108,0.11,0.112,0.114,0.116,0.118,0.12,0.126,0.132,0.138,0.144,0.15,0.154,0.158,0.162,0.166,0.17,0.172,0.174,0.176,0.178,0.18,0.182,0.184,0.186,0.188,0.19,0.2,0.21,0.22,0.23,0.24,0.246,0.252,0.258,0.264,0.27,0.28,0.29,0.3,0.31,0.32,0.332,0.344,0.356,0.368,0.38,0.394,0.408,0.422,0.436,0.45,0.492,0.534,0.576,0.618,0.66,0.732,0.804,0.876,0.948,1.02,1.092,1.164,1.236,1.308,1.38,1.4,1.42,1.44,1.46,1.48,1.51,1.54,1.57,1.6,1.63,1.808,1.986,2.164,2.342,2.52,2.654,2.788,2.922,3.056,3.19,3.222,3.254,3.286,3.318,3.35,3.416,3.482,3.548,3.614,3.68,,,,,,,,,,,,,,,,,,,,,,,,,,,,,,
Iceland,0.01,0.012,0.014,0.016,0.018,0.02,0.02,0.02,0.02,0.02,0.02,0.022,0.024,0.026,0.028,0.03,0.032,0.034,0.036,0.038,0.04,0.042,0.044,0.046,0.048,0.05,0.052,0.054,0.056,0.058,0.06,0.064,0.068,0.072,0.076,0.08,0.086,0.092,0.098,0.104,0.11,0.114,0.118,0.122,0.126,0.13,0.136,0.142,0.148,0.154,0.16,0.168,0.176,0.184,0.192,0.2,0.206,0.212,0.218,0.224,0.23,0.242,0.254,0.266,0.278,0.29,0.304,0.318,0.332,0.346,0.36,0.372,0.384,0.396,0.408,0.42,0.462,0.504,0.546,0.588,0.63,0.654,0.678,0.702,0.726,0.75,0.792,0.834,0.876,0.918,0.96,1.012,1.064,1.116,1.168,1.22,1.292,1.364,1.436,1.508,1.58,1.648,1.716,1.784,1.852,1.92,1.992,2.064,2.136,2.208,2.28,2.36,2.44,2.52,2.6,2.68,2.76,2.84,2.92,3,3.08,3.148,3.216,3.284,3.352,3.42,3.484,3.548,3.612,3.676,3.74,3.83,3.92,4.01,4.1,4.19,4.26,4.33,4.4,4.47,4.54,4.61,4.68,4.75,4.82,4.89,4.954,5.018,5.082,5.146,5.21,5.266,5.322,5.378,5.434,5.49,5.546,5.602,5.658,5.714,5.77,5.814,5.858,5.902,5.946,5.99,6.03,6.07,6.11,6.15,6.19
India,0.01,0.01,0.01,0.01,0.01,0.01,0.012,0.014,0.016,0.018,0.02,0.02,0.02,0.02,0.02,0.02,0.022,0.024,0.026,0.028,0.03,0.03,0.03,0.03,0.03,0.03,0.032,0.034,0.036,0.038,0.04,0.04,0.04,0.04,0.04,0.04,0.042,0.044,0.046,0.048,0.05,0.052,0.054,0.056,0.058,0.06,0.058,0.056,0.054,0.052,0.05,0.054,0.058,0.062,0.066,0.07,0.072,0.074,0.076,0.078,0.08,0.084,0.088,0.092,0.096,0.1,0.102,0.104,0.106,0.108,0.11,0.11,0.11,0.11,0.11,0.11,0.11,0.11,0.11,0.11,0.11,0.112,0.114,0.116,0.118,0.12,0.12,0.12,0.12,0.12,0.12,0.134,0.148,0.162,0.176,0.19,0.202,0.214,0.226,0.238,0.25,0.3,0.35,0.4,0.45,0.5,0.55,0.6,0.65,0.7,0.75,0.78,0.81,0.84,0.87,0.9,0.932,0.964,0.996,1.028,1.06,1.144,1.228,1.312,1.396,1.48,1.624,1.768,1.912,2.056,2.2,2.254,2.308,2.362,2.416,2.47,2.544,2.618,2.692,2.766,2.84,2.932,3.024,3.116,3.208,3.3,3.362,3.424,3.486,3.548,3.61,3.68,3.75,3.82,3.89,3.96,4.03,4.1,4.17,4.24,4.31,4.378,4.446,4.514,4.582,4.65,4.714,4.778,4.842,4.906,4.97
Indonesia,,,,,,,,,,,,,,,,,,,,,,,,,,,,,,,,,,,,,,,,,0.01,0.01,0.01,0.01,0.01,0.01,0.018,0.026,0.034,0.042,0.05,0.05,0.05,0.05,0.05,0.05,0.05,0.05,0.05,0.05,0.05,0.052,0.054,0.056,0.058,0.06,0.06,0.06,0.06,0.06,0.06,0.062,0.064,0.066,0.068,0.07,0.072,0.074,0.076,0.078,0.08,0.084,0.088,0.092,0.096,0.1,0.108,0.116,0.124,0.132,0.14,0.156,0.172,0.188,0.204,0.22,0.242,0.264,0.286,0.308,0.33,0.354,0.378,0.402,0.426,0.45,0.48,0.51,0.54,0.57,0.6,0.656,0.712,0.768,0.824,0.88,0.948,1.016,1.084,1.152,1.22,1.198,1.176,1.154,1.132,1.11,1.098,1.086,1.074,1.062,1.05,1.186,1.322,1.458,1.594,1.73,1.88,2.03,2.18,2.33,2.48,2.55,2.62,2.69,2.76,2.83,2.908,2.986,3.064,3.142,3.22,3.302,3.384,3.466,3.548,3.63,3.718,3.806,3.894,3.982,4.07,4.14,4.21,4.28,4.35,4.42,4.486,4.552,4.618,4.684,4.75
Iran,,,,,,,,,,,,,,,,,,,,,,,,,,,,,,,0.01,0.01,0.01,0.01,0.01,0.01,0.01,0.01,0.01,0.01,0.01,0.02,0.03,0.04,0.05,0.06,0.062,0.064,0.066,0.068,0.07,0.072,0.074,0.076,0.078,0.08,0.08,0.08,0.08,0.08,0.08,0.08,0.08,0.08,0.08,0.08,0.082,0.084,0.086,0.088,0.09,0.094,0.098,0.102,0.106,0.11,0.112,0.114,0.116,0.118,0.12,0.128,0.136,0.144,0.152,0.16,0.176,0.192,0.208,0.224,0.24,0.27,0.3,0.33,0.36,0.39,0.448,0.506,0.564,0.622,0.68,0.74,0.8,0.86,0.92,0.98,1.052,1.124,1.196,1.268,1.34,1.41,1.48,1.55,1.62,1.69,1.77,1.85,1.93,2.01,2.09,2.218,2.346,2.474,2.602,2.73,2.828,2.926,3.024,3.122,3.22,3.328,3.436,3.544,3.652,3.76,3.826,3.892,3.958,4.024,4.09,,,,,,,,,,,,,,,,,,,,,,,,,,,,,,
Iraq,,,,,,,,,,,,,,,,,,,,,,,,,,,,,,,,,,,,,,,,,,,,,,0.01,0.01,0.01,0.01,0.01,0.01,0.01,0.01,0.01,0.01,0.01,0.01,0.01,0.01,0.01,0.01,0.012,0.014,0.016,0.018,0.02,0.022,0.024,0.026,0.028,0.03,0.034,0.038,0.042,0.046,0.05,0.056,0.062,0.068,0.074,0.08,0.084,0.088,0.092,0.096,0.1,0.11,0.12,0.13,0.14,0.15,0.168,0.186,0.204,0.222,0.24,0.27,0.3,0.33,0.36,0.39,0.426,0.462,0.498,0.534,0.57,0.63,0.69,0.75,0.81,0.87,0.944,1.018,1.092,1.166,1.24,1.292,1.344,1.396,1.448,1.5,1.522,1.544,1.566,1.588,1.61,1.674,1.738,1.802,1.866,1.93,1.964,1.998,2.032,2.066,2.1,2.184,2.268,2.352,2.436,2.52,,,,,,,,,,,,,,,,,,,,,,,,,,,,,,
Ireland,0.01,0.01,0.01,0.01,0.01,0.01,0.012,0.014,0.016,0.018,0.02,0.02,0.02,0.02,0.02,0.02,0.022,0.024,0.026,0.028,0.03,0.03,0.03,0.03,0.03,0.03,0.032,0.034,0.036,0.038,0.04,0.044,0.048,0.052,0.056,0.06,0.068,0.076,0.084,0.092,0.1,0.11,0.12,0.13,0.14,0.15,0.162,0.174,0.186,0.198,0.21,0.246,0.282,0.318,0.354,0.39,0.416,0.442,0.468,0.494,0.52,0.554,0.588,0.622,0.656,0.69,0.73,0.77,0.81,0.85,0.89,0.934,0.978,1.022,1.066,1.11,1.164,1.218,1.272,1.326,1.38,1.418,1.456,1.494,1.532,1.57,1.608,1.646,1.684,1.722,1.76,1.814,1.868,1.922,1.976,2.03,2.076,2.122,2.168,2.214,2.26,2.324,2.388,2.452,2.516,2.58,2.654,2.728,2.802,2.876,2.95,3.002,3.054,3.106,3.158,3.21,3.256,3.302,3.348,3.394,3.44,3.466,3.492,3.518,3.544,3.57,3.6,3.63,3.66,3.69,3.72,3.782,3.844,3.906,3.968,4.03,4.052,4.074,4.096,4.118,4.14,4.148,4.156,4.164,4.172,4.18,4.204,4.228,4.252,4.276,4.3,4.308,4.316,4.324,4.332,4.34,4.352,4.364,4.376,4.388,4.4,4.406,4.412,4.418,4.424,4.43,4.436,4.442,4.448,4.454,4.46
Italy,0.02,0.02,0.02,0.02,0.02,0.02,0.022,0.024,0.026,0.028,0.03,0.03,0.03,0.03,0.03,0.03,0.032,0.034,0.036,0.038,0.04,0.042,0.044,0.046,0.048,0.05,0.06,0.07,0.08,0.09,0.1,0.108,0.116,0.124,0.132,0.14,0.14,0.14,0.14,0.14,0.14,0.15,0.16,0.17,0.18,0.19,0.202,0.214,0.226,0.238,0.25,0.26,0.27,0.28,0.29,0.3,0.308,0.316,0.324,0.332,0.34,0.354,0.368,0.382,0.396,0.41,0.426,0.442,0.458,0.474,0.49,0.516,0.542,0.568,0.594,0.62,0.626,0.632,0.638,0.644,0.65,0.682,0.714,0.746,0.778,0.81,0.844,0.878,0.912,0.946,0.98,1.018,1.056,1.094,1.132,1.17,1.224,1.278,1.332,1.386,1.44,1.53,1.62,1.71,1.8,1.89,1.998,2.106,2.214,2.322,2.43,2.524,2.618,2.712,2.806,2.9,3.008,3.116,3.224,3.332,3.44,3.56,3.68,3.8,3.92,4.04,4.152,4.264,4.376,4.488,4.6,4.676,4.752,4.828,4.904,4.98,5.058,5.136,5.214,5.292,5.37,5.442,5.514,5.586,5.658,5.73,5.798,5.866,5.934,6.002,6.07,6.12,6.17,6.22,6.27,6.32,6.376,6.432,6.488,6.544,6.6,6.65,6.7,6.75,6.8,6.85,6.902,6.954,7.006,7.058,7.11
"Ivory Coast",,,,,,,,,,,,,,,,,,,,,,,,,,,,,,,,,,,,,,,,,,,,,,,,,,,0.01,0.01,0.01,0.01,0.01,0.01,0.01,0.01,0.01,0.01,0.01,0.012,0.014,0.016,0.018,0.02,0.024,0.028,0.032,0.036,0.04,0.044,0.048,0.052,0.056,0.06,0.082,0.104,0.126,0.148,0.17,0.174,0.178,0.182,0.186,0.19,0.198,0.206,0.214,0.222,0.23,0.238,0.246,0.254,0.262,0.27,0.288,0.306,0.324,0.342,0.36,0.4,0.44,0.48,0.52,0.56,0.586,0.612,0.638,0.664,0.69,0.71,0.73,0.75,0.77,0.79,0.81,0.83,0.85,0.87,0.89,0.912,0.934,0.956,0.978,1,1.022,1.044,1.066,1.088,1.11,1.136,1.162,1.188,1.214,1.24,1.266,1.292,1.318,1.344,1.37,,,,,,,,,,,,,,,,,,,,,,,,,,,,,,
Jamaica,,,,,,,,,,,,,,,,,,,,,,,,,,0.01,0.014,0.018,0.022,0.026,0.03,0.03,0.03,0.03,0.03,0.03,0.034,0.038,0.042,0.046,0.05,0.056,0.062,0.068,0.074,0.08,0.084,0.088,0.092,0.096,0.1,0.104,0.108,0.112,0.116,0.12,0.124,0.128,0.132,0.136,0.14,0.144,0.148,0.152,0.156,0.16,0.162,0.164,0.166,0.168,0.17,0.174,0.178,0.182,0.186,0.19,0.192,0.194,0.196,0.198,0.2,0.204,0.208,0.212,0.216,0.22,0.236,0.252,0.268,0.284,0.3,0.332,0.364,0.396,0.428,0.46,0.484,0.508,0.532,0.556,0.58,0.646,0.712,0.778,0.844,0.91,1.004,1.098,1.192,1.286,1.38,1.472,1.564,1.656,1.748,1.84,1.928,2.016,2.104,2.192,2.28,2.432,2.584,2.736,2.888,3.04,3.186,3.332,3.478,3.624,3.77,3.844,3.918,3.992,4.066,4.14,4.174,4.208,4.242,4.276,4.31,,,,,,,,,,,,,,,,,,,,,,,,,,,,,,
Japan,,,,,,0.01,0.01,0.01,0.01,0.01,0.01,0.01,0.01,0.01,0.01,0.01,0.012,0.014,0.016,0.018,0.02,0.048,0.076,0.104,0.132,0.16,0.172,0.184,0.196,0.208,0.22,0.224,0.228,0.232,0.236,0.24,0.232,0.224,0.216,0.208,0.2,0.214,0.228,0.242,0.256,0.27,0.352,0.434,0.516,0.598,0.68,0.72,0.76,0.8,0.84,0.88,0.908,0.936,0.964,0.992,1.02,1.034,1.048,1.062,1.076,1.09,1.094,1.098,1.102,1.106,1.11,1.148,1.186,1.224,1.262,1.3,1.358,1.416,1.474,1.532,1.59,1.662,1.734,1.806,1.878,1.95,2,2.05,2.1,2.15,2.2,2.192,2.184,2.176,2.168,2.16,2.216,2.272,2.328,2.384,2.44,2.52,2.6,2.68,2.76,2.84,2.946,3.052,3.158,3.264,3.37,3.44,3.51,3.58,3.65,3.72,3.8,3.88,3.96,4.04,4.12,4.196,4.272,4.348,4.424,4.5,4.568,4.636,4.704,4.772,4.84,4.882,4.924,4.966,5.008,5.05,5.09,5.13,5.17,5.21,5.25,5.274,5.298,5.322,5.346,5.37,5.394,5.418,5.442,5.466,5.49,5.496,5.502,5.508,5.514,5.52,5.526,5.532,5.538,5.544,5.55,5.562,5.574,5.586,5.598,5.61,5.62,5.63,5.64,5.65,5.66
Jordan,,,,,,,,,,,,,,,,,,,,,,,,,,,,,,,,,,,,0.02,0.024,0.028,0.032,0.036,0.04,0.044,0.048,0.052,0.056,0.06,0.09,0.12,0.15,0.18,0.21,0.212,0.214,0.216,0.218,0.22,0.222,0.224,0.226,0.228,0.23,0.232,0.234,0.236,0.238,0.24,0.248,0.256,0.264,0.272,0.28,0.286,0.292,0.298,0.304,0.31,0.328,0.346,0.364,0.382,0.4,0.44,0.48,0.52,0.56,0.6,0.644,0.688,0.732,0.776,0.82,0.87,0.92,0.97,1.02,1.07,1.104,1.138,1.172,1.206,1.24,1.28,1.32,1.36,1.4,1.44,1.478,1.516,1.554,1.592,1.63,1.744,1.858,1.972,2.086,2.2,2.294,2.388,2.482,2.576,2.67,2.758,2.846,2.934,3.022,3.11,3.2,3.29,3.38,3.47,3.56,3.618,3.676,3.734,3.792,3.85,3.876,3.902,3.928,3.954,3.98,,,,,,,,,,,,,,,,,,,,,,,,,,,,,,
Kenya,,,,,,,,,,,,,,,,,,,,,,,,,,,,,,,,,,,,0.01,0.012,0.014,0.016,0.018,0.02,0.022,0.024,0.026,0.028,0.03,0.034,0.038,0.042,0.046,0.05,0.052,0.054,0.056,0.058,0.06,0.06,0.06,0.06,0.06,0.06,0.062,0.064,0.066,0.068,0.07,0.07,0.07,0.07,0.07,0.07,0.072,0.074,0.076,0.078,0.08,0.082,0.084,0.086,0.088,0.09,0.092,0.094,0.096,0.098,0.1,0.104,0.108,0.112,0.116,0.12,0.126,0.132,0.138,0.144,0.15,0.168,0.186,0.204,0.222,0.24,0.27,0.3,0.33,0.36,0.39,0.424,0.458,0.492,0.526,0.56,0.59,0.62,0.65,0.68,0.71,0.746,0.782,0.818,0.854,0.89,0.92,0.95,0.98,1.01,1.04,1.078,1.116,1.154,1.192,1.23,1.284,1.338,1.392,1.446,1.5,1.506,1.512,1.518,1.524,1.53,,,,,,,,,,,,,,,,,,,,,,,,,,,,,,
Kuwait,,,,,,,,,,,,,,,,,,,,,,,,,,,,,,,,,,,,,,,,,0.01,0.012,0.014,0.016,0.018,0.02,0.022,0.024,0.026,0.028,0.03,0.032,0.034,0.036,0.038,0.04,0.08,0.12,0.16,0.2,0.24,0.252,0.264,0.276,0.288,0.3,0.308,0.316,0.324,0.332,0.34,0.362,0.384,0.406,0.428,0.45,0.468,0.486,0.504,0.522,0.54,0.574,0.608,0.642,0.676,0.71,0.766,0.822,0.878,0.934,0.99,1.03,1.07,1.11,1.15,1.19,1.24,1.29,1.34,1.39,1.44,1.52,1.6,1.68,1.76,1.84,1.976,2.112,2.248,2.384,2.52,2.632,2.744,2.856,2.968,3.08,3.122,3.164,3.206,3.248,3.29,3.32,3.35,3.38,3.41,3.44,3.384,3.328,3.272,3.216,3.16,3.104,3.048,2.992,2.936,2.88,2.914,2.948,2.982,3.016,3.05,,,,,,,,,,,,,,,,,,,,,,,,,,,,,,
Lesotho,,,,,,,,,,,,,,,,,,,,,,,,,,,,,,,,,,,,,,,,,,,,,,0.01,0.01,0.01,0.01,0.01,0.01,0.012,0.014,0.016,0.018,0.02,0.02,0.02,0.02,0.02,0.02,0.022,0.024,0.026,0.028,0.03,0.03,0.03,0.03,0.03,0.03,0.03,0.03,0.03,0.03,0.03,0.034,0.038,0.042,0.046,0.05,0.052,0.054,0.056,0.058,0.06,0.062,0.064,0.066,0.068,0.07,0.072,0.074,0.076,0.078,0.08,0.104,0.128,0.152,0.176,0.2,0.232,0.264,0.296,0.328,0.36,0.39,0.42,0.45,0.48,0.51,0.546,0.582,0.618,0.654,0.69,0.73,0.77,0.81,0.85,0.89,0.946,1.002,1.058,1.114,1.17,1.228,1.286,1.344,1.402,1.46,1.546,1.632,1.718,1.804,1.89,1.722,1.554,1.386,1.218,1.05,,,,,,,,,,,,,,,,,,,,,,,,,,,,,,
Liberia,,,,,,,,,,,,,,,,,,,,,,,,,,,,,,,,,,,,0.02,0.024,0.028,0.032,0.036,0.04,0.044,0.048,0.052,0.056,0.06,0.06,0.06,0.06,0.06,0.06,0.062,0.064,0.066,0.068,0.07,0.072,0.074,0.076,0.078,0.08,0.082,0.084,0.086,0.088,0.09,0.092,0.094,0.096,0.098,0.1,0.102,0.104,0.106,0.108,0.11,0.112,0.114,0.116,0.118,0.12,0.12,0.12,0.12,0.12,0.12,0.122,0.124,0.126,0.128,0.13,0.15,0.17,0.19,0.21,0.23,0.252,0.274,0.296,0.318,0.34,0.38,0.42,0.46,0.5,0.54,0.572,0.604,0.636,0.668,0.7,0.722,0.744,0.766,0.788,0.81,0.824,0.838,0.852,0.866,0.88,0.888,0.896,0.904,0.912,0.92,0.95,0.98,1.01,1.04,1.07,1.094,1.118,1.142,1.166,1.19,1.198,1.206,1.214,1.222,1.23,,,,,,,,,,,,,,,,,,,,,,,,,,,,,,
Libya,,,,,,,,,,,,,,,,,,,,,,,,,,,,,,,,,,,,,,,,,,,,,,,,,,,,,,,,0.01,0.01,0.01,0.01,0.01,0.01,0.01,0.01,0.01,0.01,0.01,0.01,0.01,0.01,0.01,0.01,0.012,0.014,0.016,0.018,0.02,0.02,0.02,0.02,0.02,0.02,0.024,0.028,0.032,0.036,0.04,0.046,0.052,0.058,0.064,0.07,0.078,0.086,0.094,0.102,0.11,0.13,0.15,0.17,0.19,0.21,0.246,0.282,0.318,0.354,0.39,0.472,0.554,0.636,0.718,0.8,0.888,0.976,1.064,1.152,1.24,1.306,1.372,1.438,1.504,1.57,1.642,1.714,1.786,1.858,1.93,2.008,2.086,2.164,2.242,2.32,2.388,2.456,2.524,2.592,2.66,2.712,2.764,2.816,2.868,2.92,,,,,,,,,,,,,,,,,,,,,,,,,,,,,,
Luxembourg,,,,,,,,,,,,,,,,,,,,,,,,,,,,,,,,,,,,,,,,,,,,,,0.01,0.014,0.018,0.022,0.026,0.03,0.034,0.038,0.042,0.046,0.05,0.056,0.062,0.068,0.074,0.08,0.114,0.148,0.182,0.216,0.25,0.286,0.322,0.358,0.394,0.43,0.46,0.49,0.52,0.55,0.58,0.632,0.684,0.736,0.788,0.84,0.89,0.94,0.99,1.04,1.09,1.134,1.178,1.222,1.266,1.31,1.376,1.442,1.508,1.574,1.64,1.718,1.796,1.874,1.952,2.03,2.114,2.198,2.282,2.366,2.45,2.508,2.566,2.624,2.682,2.74,2.794,2.848,2.902,2.956,3.01,3.078,3.146,3.214,3.282,3.35,3.402,3.454,3.506,3.558,3.61,3.674,3.738,3.802,3.866,3.93,4.01,4.09,4.17,4.25,4.33,4.412,4.494,4.576,4.658,4.74,4.774,4.808,4.842,4.876,4.91,4.94,4.97,5,5.03,5.06,5.088,5.116,5.144,5.172,5.2,5.226,5.252,5.278,5.304,5.33,5.35,5.37,5.39,5.41,5.43,5.452,5.474,5.496,5.518,5.54
Malawi,,,,,,,,,,,,,,,,,,,,,,,,,,,,,,,,,,,,,,,,,,,,,,,,,,,,,,,,0.01,0.01,0.01,0.01,0.01,0.01,0.01,0.01,0.01,0.01,0.01,0.01,0.01,0.01,0.01,0.01,0.01,0.01,0.01,0.01,0.01,0.012,0.014,0.016,0.018,0.02,0.02,0.02,0.02,0.02,0.02,0.022,0.024,0.026,0.028,0.03,0.034,0.038,0.042,0.046,0.05,0.062,0.074,0.086,0.098,0.11,0.122,0.134,0.146,0.158,0.17,0.182,0.194,0.206,0.218,0.23,0.234,0.238,0.242,0.246,0.25,0.252,0.254,0.256,0.258,0.26,0.264,0.268,0.272,0.276,0.28,0.294,0.308,0.322,0.336,0.35,0.38,0.41,0.44,0.47,0.5,0.522,0.544,0.566,0.588,0.61,,,,,,,,,,,,,,,,,,,,,,,,,,,,,,
Malaysia,,,,,,,,,,,,,,,,,,,,,,,,,,,,,,,0.01,0.014,0.018,0.022,0.026,0.03,0.034,0.038,0.042,0.046,0.05,0.054,0.058,0.062,0.066,0.07,0.082,0.094,0.106,0.118,0.13,0.142,0.154,0.166,0.178,0.19,0.202,0.214,0.226,0.238,0.25,0.256,0.262,0.268,0.274,0.28,0.286,0.292,0.298,0.304,0.31,0.316,0.322,0.328,0.334,0.34,0.346,0.352,0.358,0.364,0.37,0.384,0.398,0.412,0.426,0.44,0.464,0.488,0.512,0.536,0.56,0.594,0.628,0.662,0.696,0.73,0.788,0.846,0.904,0.962,1.02,1.086,1.152,1.218,1.284,1.35,1.464,1.578,1.692,1.806,1.92,2.022,2.124,2.226,2.328,2.43,2.544,2.658,2.772,2.886,3,3.08,3.16,3.24,3.32,3.4,3.516,3.632,3.748,3.864,3.98,4.06,4.14,4.22,4.3,4.38,4.468,4.556,4.644,4.732,4.82,,,,,,,,,,,,,,,,,,,,,,,,,,,,,,
Mali,,,,,,,,,,,,,,,,,,,,,,,,,,,,,,,,,,,,,,,,,,,,,,,,,,,,,,,,,,,,,,,,,,0.01,0.01,0.01,0.01,0.01,0.01,0.01,0.01,0.01,0.01,0.01,0.01,0.01,0.01,0.01,0.01,0.01,0.01,0.01,0.01,0.01,0.012,0.014,0.016,0.018,0.02,0.022,0.024,0.026,0.028,0.03,0.03,0.03,0.03,0.03,0.03,0.036,0.042,0.048,0.054,0.06,0.07,0.08,0.09,0.1,0.11,0.116,0.122,0.128,0.134,0.14,0.142,0.144,0.146,0.148,0.15,0.156,0.162,0.168,0.174,0.18,0.192,0.204,0.216,0.228,0.24,0.272,0.304,0.336,0.368,0.4,0.448,0.496,0.544,0.592,0.64,,,,,,,,,,,,,,,,,,,,,,,,,,,,,,
Malta,,,,,,,,,,,,,,,,,,,,,,,,,,,,,,,0.18,0.194,0.208,0.222,0.236,0.25,0.286,0.322,0.358,0.394,0.43,0.442,0.454,0.466,0.478,0.49,0.5,0.51,0.52,0.53,0.54,0.554,0.568,0.582,0.596,0.61,0.622,0.634,0.646,0.658,0.67,0.686,0.702,0.718,0.734,0.75,0.76,0.77,0.78,0.79,0.8,0.816,0.832,0.848,0.864,0.88,0.894,0.908,0.922,0.936,0.95,0.98,1.01,1.04,1.07,1.1,1.138,1.176,1.214,1.252,1.29,1.344,1.398,1.452,1.506,1.56,1.632,1.704,1.776,1.848,1.92,2.016,2.112,2.208,2.304,2.4,2.5,2.6,2.7,2.8,2.9,3,3.1,3.2,3.3,3.4,3.504,3.608,3.712,3.816,3.92,4.034,4.148,4.262,4.376,4.49,4.488,4.486,4.484,4.482,4.48,4.464,4.448,4.432,4.416,4.4,4.466,4.532,4.598,4.664,4.73,,,,,,,,,,,,,,,,,,,,,,,,,,,,,,
Mauritius,,,,,,0.01,0.01,0.01,0.01,0.01,0.01,0.01,0.01,0.01,0.01,0.01,0.01,0.01,0.01,0.01,0.01,0.012,0.014,0.016,0.018,0.02,0.038,0.056,0.074,0.092,0.11,0.118,0.126,0.134,0.142,0.15,0.168,0.186,0.204,0.222,0.24,0.244,0.248,0.252,0.256,0.26,0.266,0.272,0.278,0.284,0.29,0.294,0.298,0.302,0.306,0.31,0.312,0.314,0.316,0.318,0.32,0.322,0.324,0.326,0.328,0.33,0.332,0.334,0.336,0.338,0.34,0.344,0.348,0.352,0.356,0.36,0.378,0.396,0.414,0.432,0.45,0.486,0.522,0.558,0.594,0.63,0.69,0.75,0.81,0.87,0.93,0.976,1.022,1.068,1.114,1.16,1.206,1.252,1.298,1.344,1.39,1.432,1.474,1.516,1.558,1.6,1.65,1.7,1.75,1.8,1.85,1.914,1.978,2.042,2.106,2.17,2.268,2.366,2.464,2.562,2.66,2.648,2.636,2.624,2.612,2.6,2.566,2.532,2.498,2.464,2.43,2.58,2.73,2.88,3.03,3.18,3.372,3.564,3.756,3.948,4.14,,,,,,,,,,,,,,,,,,,,,,,,,,,,,,
Mexico,0.01,0.01,0.01,0.01,0.01,0.01,0.01,0.01,0.01,0.01,0.01,0.012,0.014,0.016,0.018,0.02,0.02,0.02,0.02,0.02,0.02,0.022,0.024,0.026,0.028,0.03,0.03,0.03,0.03,0.03,0.03,0.04,0.05,0.06,0.07,0.08,0.09,0.1,0.11,0.12,0.13,0.138,0.146,0.154,0.162,0.17,0.186,0.202,0.218,0.234,0.25,0.258,0.266,0.274,0.282,0.29,0.296,0.302,0.308,0.314,0.32,0.324,0.328,0.332,0.336,0.34,0.344,0.348,0.352,0.356,0.36,0.362,0.364,0.366,0.368,0.37,0.372,0.374,0.376,0.378,0.38,0.388,0.396,0.404,0.412,0.42,0.436,0.452,0.468,0.484,0.5,0.544,0.588,0.632,0.676,0.72,0.732,0.744,0.756,0.768,0.78,0.842,0.904,0.966,1.028,1.09,1.158,1.226,1.294,1.362,1.43,1.502,1.574,1.646,1.718,1.79,1.852,1.914,1.976,2.038,2.1,2.158,2.216,2.274,2.332,2.39,2.44,2.49,2.54,2.59,2.64,2.74,2.84,2.94,3.04,3.14,3.16,3.18,3.2,3.22,3.24,,,,,,,,,,,,,,,,,,,,,,,,,,,,,,
Morocco,,,,,,,,,,,,,,,,,,,,,,,,,,,,,,,,,,,,,,,,,,,,,,0.01,0.014,0.018,0.022,0.026,0.03,0.032,0.034,0.036,0.038,0.04,0.046,0.052,0.058,0.064,0.07,0.074,0.078,0.082,0.086,0.09,0.092,0.094,0.096,0.098,0.1,0.102,0.104,0.106,0.108,0.11,0.112,0.114,0.116,0.118,0.12,0.128,0.136,0.144,0.152,0.16,0.17,0.18,0.19,0.2,0.21,0.232,0.254,0.276,0.298,0.32,0.34,0.36,0.38,0.4,0.42,0.444,0.468,0.492,0.516,0.54,0.574,0.608,0.642,0.676,0.71,0.75,0.79,0.83,0.87,0.91,0.952,0.994,1.036,1.078,1.12,1.164,1.208,1.252,1.296,1.34,1.376,1.412,1.448,1.484,1.52,1.562,1.604,1.646,1.688,1.73,1.768,1.806,1.844,1.882,1.92,,,,,,,,,,,,,,,,,,,,,,,,,,,,,,
Mozambique,,,,,,,,,,,,,,,,,,,,,,,,,,,,,,,,,,,,,,,,,,,,,,,,,,,,,,,,,,,,,,,,,,,,,,,0.01,0.012,0.014,0.016,0.018,0.02,0.02,0.02,0.02,0.02,0.02,0.022,0.024,0.026,0.028,0.03,0.03,0.03,0.03,0.03,0.03,0.032,0.034,0.036,0.038,0.04,0.04,0.04,0.04,0.04,0.04,0.04,0.04,0.04,0.04,0.04,0.044,0.048,0.052,0.056,0.06,0.062,0.064,0.066,0.068,0.07,0.072,0.074,0.076,0.078,0.08,0.082,0.084,0.086,0.088,0.09,0.098,0.106,0.114,0.122,0.13,0.144,0.158,0.172,0.186,0.2,0.23,0.26,0.29,0.32,0.35,,,,,,,,,,,,,,,,,,,,,,,,,,,,,,
Nepal,,,,,,,,,,,,,,,,,,,,,,,,,,,,,,,,,,,,,,,,,,,,,,,,,,,0.03,0.03,0.03,0.03,0.03,0.03,0.03,0.03,0.03,0.03,0.03,0.03,0.03,0.03,0.03,0.03,0.032,0.034,0.036,0.038,0.04,0.04,0.04,0.04,0.04,0.04,0.04,0.04,0.04,0.04,0.04,0.042,0.044,0.046,0.048,0.05,0.05,0.05,0.05,0.05,0.05,0.058,0.066,0.074,0.082,0.09,0.106,0.122,0.138,0.154,0.17,0.182,0.194,0.206,0.218,0.23,0.25,0.27,0.29,0.31,0.33,0.392,0.454,0.516,0.578,0.64,0.724,0.808,0.892,0.976,1.06,1.052,1.044,1.036,1.028,1.02,1.02,1.02,1.02,1.02,1.02,1.048,1.076,1.104,1.132,1.16,1.208,1.256,1.304,1.352,1.4,,,,,,,,,,,,,,,,,,,,,,,,,,,,,,
Netherlands,0.02,0.02,0.02,0.02,0.02,0.02,0.022,0.024,0.026,0.028,0.03,0.032,0.034,0.036,0.038,0.04,0.042,0.044,0.046,0.048,0.05,0.052,0.054,0.056,0.058,0.06,0.06,0.06,0.06,0.06,0.06,0.064,0.068,0.072,0.076,0.08,0.084,0.088,0.092,0.096,0.1,0.104,0.108,0.112,0.116,0.12,0.114,0.108,0.102,0.096,0.09,0.096,0.102,0.108,0.114,0.12,0.124,0.128,0.132,0.136,0.14,0.156,0.172,0.188,0.204,0.22,0.234,0.248,0.262,0.276,0.29,0.304,0.318,0.332,0.346,0.36,0.37,0.38,0.39,0.4,0.41,0.426,0.442,0.458,0.474,0.49,0.5,0.51,0.52,0.53,0.54,0.75,0.96,1.17,1.38,1.59,1.764,1.938,2.112,2.286,2.46,2.602,2.744,2.886,3.028,3.17,3.266,3.362,3.458,3.554,3.65,3.708,3.766,3.824,3.882,3.94,3.986,4.032,4.078,4.124,4.17,4.202,4.234,4.266,4.298,4.33,4.37,4.41,4.45,4.49,4.53,4.538,4.546,4.554,4.562,4.57,4.618,4.666,4.714,4.762,4.81,4.83,4.85,4.87,4.89,4.91,4.926,4.942,4.958,4.974,4.99,5.002,5.014,5.026,5.038,5.05,5.062,5.074,5.086,5.098,5.11,5.114,5.118,5.122,5.126,5.13,5.134,5.138,5.142,5.146,5.15
"New Zealand",0.01,0.012,0.014,0.016,0.018,0.02,0.022,0.024,0.026,0.028,0.03,0.034,0.038,0.042,0.046,0.05,0.062,0.074,0.086,0.098,0.11,0.114,0.118,0.122,0.126,0.13,0.128,0.126,0.124,0.122,0.12,0.118,0.116,0.114,0.112,0.11,0.148,0.186,0.224,0.262,0.3,0.34,0.38,0.42,0.46,0.5,0.536,0.572,0.608,0.644,0.68,0.73,0.78,0.83,0.88,0.93,0.99,1.05,1.11,1.17,1.23,1.32,1.41,1.5,1.59,1.68,1.732,1.784,1.836,1.888,1.94,1.986,2.032,2.078,2.124,2.17,2.318,2.466,2.614,2.762,2.91,2.956,3.002,3.048,3.094,3.14,3.212,3.284,3.356,3.428,3.5,3.572,3.644,3.716,3.788,3.86,3.946,4.032,4.118,4.204,4.29,4.358,4.426,4.494,4.562,4.63,4.538,4.446,4.354,4.262,4.17,4.11,4.05,3.99,3.93,3.87,3.854,3.838,3.822,3.806,3.79,3.818,3.846,3.874,3.902,3.93,3.972,4.014,4.056,4.098,4.14,4.15,4.16,4.17,4.18,4.19,4.088,3.986,3.884,3.782,3.68,3.764,3.848,3.932,4.016,4.1,4.078,4.056,4.034,4.012,3.99,3.96,3.93,3.9,3.87,3.84,3.806,3.772,3.738,3.704,3.67,3.628,3.586,3.544,3.502,3.46,3.432,3.404,3.376,3.348,3.32
Nicaragua,,,,,,,,,,,,,,,,,,,,,,,,,,,,,,,0.03,0.032,0.034,0.036,0.038,0.04,0.042,0.044,0.046,0.048,0.05,0.052,0.054,0.056,0.058,0.06,0.062,0.064,0.066,0.068,0.07,0.072,0.074,0.076,0.078,0.08,0.082,0.084,0.086,0.088,0.09,0.09,0.09,0.09,0.09,0.09,0.09,0.09,0.09,0.09,0.09,0.09,0.09,0.09,0.09,0.09,0.098,0.106,0.114,0.122,0.13,0.144,0.158,0.172,0.186,0.2,0.214,0.228,0.242,0.256,0.27,0.298,0.326,0.354,0.382,0.41,0.448,0.486,0.524,0.562,0.6,0.624,0.648,0.672,0.696,0.72,0.762,0.804,0.846,0.888,0.93,0.96,0.99,1.02,1.05,1.08,1.112,1.144,1.176,1.208,1.24,1.292,1.344,1.396,1.448,1.5,1.532,1.564,1.596,1.628,1.66,1.704,1.748,1.792,1.836,1.88,1.924,1.968,2.012,2.056,2.1,,,,,,,,,,,,,,,,,,,,,,,,,,,,,,
Niger,,,,,,,,,,,,,,,,,,,,,,,,,,,,,,,,,,,,,,,,,,,,,,,,,,,,,,,,0.01,0.01,0.01,0.01,0.01,0.01,0.012,0.014,0.016,0.018,0.02,0.02,0.02,0.02,0.02,0.02,0.02,0.02,0.02,0.02,0.02,0.02,0.02,0.02,0.02,0.02,0.02,0.02,0.02,0.02,0.02,0.022,0.024,0.026,0.028,0.03,0.032,0.034,0.036,0.038,0.04,0.04,0.04,0.04,0.04,0.04,0.046,0.052,0.058,0.064,0.07,0.078,0.086,0.094,0.102,0.11,0.12,0.13,0.14,0.15,0.16,0.172,0.184,0.196,0.208,0.22,0.228,0.236,0.244,0.252,0.26,0.266,0.272,0.278,0.284,0.29,0.3,0.31,0.32,0.33,0.34,0.358,0.376,0.394,0.412,0.43,,,,,,,,,,,,,,,,,,,,,,,,,,,,,,
Norway,0.09,0.096,0.102,0.108,0.114,0.12,0.124,0.128,0.132,0.136,0.14,0.146,0.152,0.158,0.164,0.17,0.174,0.178,0.182,0.186,0.19,0.196,0.202,0.208,0.214,0.22,0.226,0.232,0.238,0.244,0.25,0.258,0.266,0.274,0.282,0.29,0.298,0.306,0.314,0.322,0.33,0.34,0.35,0.36,0.37,0.38,0.364,0.348,0.332,0.316,0.3,0.31,0.32,0.33,0.34,0.35,0.356,0.362,0.368,0.374,0.38,0.384,0.388,0.392,0.396,0.4,0.416,0.432,0.448,0.464,0.48,0.494,0.508,0.522,0.536,0.55,0.566,0.582,0.598,0.614,0.63,0.626,0.622,0.618,0.614,0.61,0.614,0.618,0.622,0.626,0.63,0.696,0.762,0.828,0.894,0.96,1.034,1.108,1.182,1.256,1.33,1.4,1.47,1.54,1.61,1.68,1.77,1.86,1.95,2.04,2.13,2.282,2.434,2.586,2.738,2.89,3.01,3.13,3.25,3.37,3.49,3.588,3.686,3.784,3.882,3.98,4.034,4.088,4.142,4.196,4.25,4.358,4.466,4.574,4.682,4.79,4.774,4.758,4.742,4.726,4.71,4.72,4.73,4.74,4.75,4.76,4.756,4.752,4.748,4.744,4.74,4.74,4.74,4.74,4.74,4.74,4.74,4.74,4.74,4.74,4.74,4.74,4.74,4.74,4.74,4.74,4.744,4.748,4.752,4.756,4.76
Pakistan,,,,,,,,,,,,,,,,,,,,,,,,,,,,,,,,,,,,0.03,0.038,0.046,0.054,0.062,0.07,0.074,0.078,0.082,0.086,0.09,0.1,0.11,0.12,0.13,0.14,0.144,0.148,0.152,0.156,0.16,0.164,0.168,0.172,0.176,0.18,0.184,0.188,0.192,0.196,0.2,0.206,0.212,0.218,0.224,0.23,0.236,0.242,0.248,0.254,0.26,0.258,0.256,0.254,0.252,0.25,0.25,0.25,0.25,0.25,0.25,0.262,0.274,0.286,0.298,0.31,0.318,0.326,0.334,0.342,0.35,0.364,0.378,0.392,0.406,0.42,0.446,0.472,0.498,0.524,0.55,0.59,0.63,0.67,0.71,0.75,0.786,0.822,0.858,0.894,0.93,0.974,1.018,1.062,1.106,1.15,1.202,1.254,1.306,1.358,1.41,1.464,1.518,1.572,1.626,1.68,1.756,1.832,1.908,1.984,2.06,2.098,2.136,2.174,2.212,2.25,,,,,,,,,,,,,,,,,,,,,,,,,,,,,,
Panama,,,,,,,,,,,,,,,,,,,,,,,,,,,,,,,0.08,0.084,0.088,0.092,0.096,0.1,0.114,0.128,0.142,0.156,0.17,0.178,0.186,0.194,0.202,0.21,0.216,0.222,0.228,0.234,0.24,0.248,0.256,0.264,0.272,0.28,0.29,0.3,0.31,0.32,0.33,0.344,0.358,0.372,0.386,0.4,0.41,0.42,0.43,0.44,0.45,0.464,0.478,0.492,0.506,0.52,0.538,0.556,0.574,0.592,0.61,0.632,0.654,0.676,0.698,0.72,0.746,0.772,0.798,0.824,0.85,0.886,0.922,0.958,0.994,1.03,1.074,1.118,1.162,1.206,1.25,1.318,1.386,1.454,1.522,1.59,1.676,1.762,1.848,1.934,2.02,2.092,2.164,2.236,2.308,2.38,2.436,2.492,2.548,2.604,2.66,2.724,2.788,2.852,2.916,2.98,3.032,3.084,3.136,3.188,3.24,3.268,3.296,3.324,3.352,3.38,3.406,3.432,3.458,3.484,3.51,,,,,,,,,,,,,,,,,,,,,,,,,,,,,,
Paraguay,,,,,,,,,,,,,,,,,,,,,,,,,,,,,,,0.05,0.052,0.054,0.056,0.058,0.06,0.074,0.088,0.102,0.116,0.13,0.134,0.138,0.142,0.146,0.15,0.154,0.158,0.162,0.166,0.17,0.174,0.178,0.182,0.186,0.19,0.194,0.198,0.202,0.206,0.21,0.216,0.222,0.228,0.234,0.24,0.242,0.244,0.246,0.248,0.25,0.256,0.262,0.268,0.274,0.28,0.284,0.288,0.292,0.296,0.3,0.31,0.32,0.33,0.34,0.35,0.368,0.386,0.404,0.422,0.44,0.464,0.488,0.512,0.536,0.56,0.592,0.624,0.656,0.688,0.72,0.758,0.796,0.834,0.872,0.91,0.962,1.014,1.066,1.118,1.17,1.218,1.266,1.314,1.362,1.41,1.454,1.498,1.542,1.586,1.63,1.594,1.558,1.522,1.486,1.45,1.448,1.446,1.444,1.442,1.44,1.694,1.948,2.202,2.456,2.71,2.656,2.602,2.548,2.494,2.44,,,,,,,,,,,,,,,,,,,,,,,,,,,,,,
Peru,,,,,,,,,,,,,,,,,,,,,,,,,,0.01,0.01,0.01,0.01,0.01,0.01,0.018,0.026,0.034,0.042,0.05,0.058,0.066,0.074,0.082,0.09,0.096,0.102,0.108,0.114,0.12,0.164,0.208,0.252,0.296,0.34,0.354,0.368,0.382,0.396,0.41,0.42,0.43,0.44,0.45,0.46,0.468,0.476,0.484,0.492,0.5,0.508,0.516,0.524,0.532,0.54,0.556,0.572,0.588,0.604,0.62,0.63,0.64,0.65,0.66,0.67,0.682,0.694,0.706,0.718,0.73,0.748,0.766,0.784,0.802,0.82,0.864,0.908,0.952,0.996,1.04,1.082,1.124,1.166,1.208,1.25,1.318,1.386,1.454,1.522,1.59,1.646,1.702,1.758,1.814,1.87,1.92,1.97,2.02,2.07,2.12,2.18,2.24,2.3,2.36,2.42,2.492,2.564,2.636,2.708,2.78,2.834,2.888,2.942,2.996,3.05,3.118,3.186,3.254,3.322,3.39,3.352,3.314,3.276,3.238,3.2,,,,,,,,,,,,,,,,,,,,,,,,,,,,,,
Philippines,,,,,,,,,,,,,,,,,,,,,,,,,,,,,,,0.02,0.022,0.024,0.026,0.028,0.03,0.062,0.094,0.126,0.158,0.19,0.202,0.214,0.226,0.238,0.25,0.256,0.262,0.268,0.274,0.28,0.292,0.304,0.316,0.328,0.34,0.352,0.364,0.376,0.388,0.4,0.416,0.432,0.448,0.464,0.48,0.488,0.496,0.504,0.512,0.52,0.53,0.54,0.55,0.56,0.57,0.586,0.602,0.618,0.634,0.65,0.712,0.774,0.836,0.898,0.96,0.976,0.992,1.008,1.024,1.04,1.084,1.128,1.172,1.216,1.26,1.288,1.316,1.344,1.372,1.4,1.424,1.448,1.472,1.496,1.52,1.556,1.592,1.628,1.664,1.7,1.718,1.736,1.754,1.772,1.79,1.826,1.862,1.898,1.934,1.97,2,2.03,2.06,2.09,2.12,2.146,2.172,2.198,2.224,2.25,2.27,2.29,2.31,2.33,2.35,2.384,2.418,2.452,2.486,2.52,,,,,,,,,,,,,,,,,,,,,,,,,,,,,,
Poland,0.01,0.01,0.01,0.01,0.01,0.01,0.01,0.01,0.01,0.01,0.01,0.012,0.014,0.016,0.018,0.02,0.02,0.02,0.02,0.02,0.02,0.022,0.024,0.026,0.028,0.03,0.032,0.034,0.036,0.038,0.04,0.048,0.056,0.064,0.072,0.08,0.088,0.096,0.104,0.112,0.12,0.128,0.136,0.144,0.152,0.16,0.188,0.216,0.244,0.272,0.3,0.308,0.316,0.324,0.332,0.34,0.346,0.352,0.358,0.364,0.37,0.378,0.386,0.394,0.402,0.41,0.416,0.422,0.428,0.434,0.44,0.456,0.472,0.488,0.504,0.52,0.534,0.548,0.562,0.576,0.59,0.606,0.622,0.638,0.654,0.67,0.688,0.706,0.724,0.742,0.76,0.804,0.848,0.892,0.936,0.98,1.026,1.072,1.118,1.164,1.21,1.274,1.338,1.402,1.466,1.53,1.488,1.446,1.404,1.362,1.32,1.354,1.388,1.422,1.456,1.49,1.658,1.826,1.994,2.162,2.33,2.402,2.474,2.546,2.618,2.69,2.736,2.782,2.828,2.874,2.92,2.978,3.036,3.094,3.152,3.21,3.254,3.298,3.342,3.386,3.43,,,,,,,,,,,,,,,,,,,,,,,,,,,,,,
Portugal,0.03,0.032,0.034,0.036,0.038,0.04,0.04,0.04,0.04,0.04,0.04,0.042,0.044,0.046,0.048,0.05,0.048,0.046,0.044,0.042,0.04,0.04,0.04,0.04,0.04,0.04,0.04,0.04,0.04,0.04,0.04,0.044,0.048,0.052,0.056,0.06,0.062,0.064,0.066,0.068,0.07,0.072,0.074,0.076,0.078,0.08,0.084,0.088,0.092,0.096,0.1,0.102,0.104,0.106,0.108,0.11,0.114,0.118,0.122,0.126,0.13,0.138,0.146,0.154,0.162,0.17,0.184,0.198,0.212,0.226,0.24,0.25,0.26,0.27,0.28,0.29,0.294,0.298,0.302,0.306,0.31,0.316,0.322,0.328,0.334,0.34,0.352,0.364,0.376,0.388,0.4,0.42,0.44,0.46,0.48,0.5,0.52,0.54,0.56,0.58,0.6,0.684,0.768,0.852,0.936,1.02,1.098,1.176,1.254,1.332,1.41,1.458,1.506,1.554,1.602,1.65,1.692,1.734,1.776,1.818,1.86,1.936,2.012,2.088,2.164,2.24,2.348,2.456,2.564,2.672,2.78,2.716,2.652,2.588,2.524,2.46,2.522,2.584,2.646,2.708,2.77,2.812,2.854,2.896,2.938,2.98,3.05,3.12,3.19,3.26,3.33,3.398,3.466,3.534,3.602,3.67,3.744,3.818,3.892,3.966,4.04,4.1,4.16,4.22,4.28,4.34,4.406,4.472,4.538,4.604,4.67
Reunion,,,,,,,,,,,,,,,,,,,,,,,,,,,,,,,0.1,0.12,0.14,0.16,0.18,0.2,0.216,0.232,0.248,0.264,0.28,0.314,0.348,0.382,0.416,0.45,0.464,0.478,0.492,0.506,0.52,0.534,0.548,0.562,0.576,0.59,0.6,0.61,0.62,0.63,0.64,0.65,0.66,0.67,0.68,0.69,0.7,0.71,0.72,0.73,0.74,0.742,0.744,0.746,0.748,0.75,0.758,0.766,0.774,0.782,0.79,0.802,0.814,0.826,0.838,0.85,0.806,0.762,0.718,0.674,0.63,0.622,0.614,0.606,0.598,0.59,0.646,0.702,0.758,0.814,0.87,0.942,1.014,1.086,1.158,1.23,1.304,1.378,1.452,1.526,1.6,1.672,1.744,1.816,1.888,1.96,2.024,2.088,2.152,2.216,2.28,2.34,2.4,2.46,2.52,2.58,2.638,2.696,2.754,2.812,2.87,2.926,2.982,3.038,3.094,3.15,3.228,3.306,3.384,3.462,3.54,,,,,,,,,,,,,,,,,,,,,,,,,,,,,,
Romania,0.01,0.01,0.01,0.01,0.01,0.01,0.01,0.01,0.01,0.01,0.01,0.01,0.01,0.01,0.01,0.01,0.01,0.01,0.01,0.01,0.01,0.012,0.014,0.016,0.018,0.02,0.022,0.024,0.026,0.028,0.03,0.032,0.034,0.036,0.038,0.04,0.048,0.056,0.064,0.072,0.08,0.096,0.112,0.128,0.144,0.16,0.174,0.188,0.202,0.216,0.23,0.37,0.51,0.65,0.79,0.93,0.952,0.974,0.996,1.018,1.04,1.04,1.04,1.04,1.04,1.04,1.042,1.044,1.046,1.048,1.05,1.042,1.034,1.026,1.018,1.01,1.01,1.01,1.01,1.01,1.01,1.072,1.134,1.196,1.258,1.32,1.362,1.404,1.446,1.488,1.53,1.53,1.53,1.53,1.53,1.53,1.674,1.818,1.962,2.106,2.25,2.356,2.462,2.568,2.674,2.78,2.818,2.856,2.894,2.932,2.97,2.99,3.01,3.03,3.05,3.07,3.182,3.294,3.406,3.518,3.63,3.646,3.662,3.678,3.694,3.71,3.69,3.67,3.65,3.63,3.61,3.634,3.658,3.682,3.706,3.73,3.836,3.942,4.048,4.154,4.26,,,,,,,,,,,,,,,,,,,,,,,,,,,,,,
Russia,0.02,0.02,0.02,0.02,0.02,0.02,0.022,0.024,0.026,0.028,0.03,0.03,0.03,0.03,0.03,0.03,0.032,0.034,0.036,0.038,0.04,0.042,0.044,0.046,0.048,0.05,0.052,0.054,0.056,0.058,0.06,0.068,0.076,0.084,0.092,0.1,0.098,0.096,0.094,0.092,0.09,0.094,0.098,0.102,0.106,0.11,0.144,0.178,0.212,0.246,0.28,0.3,0.32,0.34,0.36,0.38,0.402,0.424,0.446,0.468,0.49,0.524,0.558,0.592,0.626,0.66,0.694,0.728,0.762,0.796,0.83,0.888,0.946,1.004,1.062,1.12,1.154,1.188,1.222,1.256,1.29,1.346,1.402,1.458,1.514,1.57,1.608,1.646,1.684,1.722,1.76,1.856,1.952,2.048,2.144,2.24,2.356,2.472,2.588,2.704,2.82,2.948,3.076,3.204,3.332,3.46,3.52,3.58,3.64,3.7,3.76,3.81,3.86,3.91,3.96,4.01,4.042,4.074,4.106,4.138,4.17,4.206,4.242,4.278,4.314,4.35,4.416,4.482,4.548,4.614,4.68,4.672,4.664,4.656,4.648,4.64,4.676,4.712,4.748,4.784,4.82,,,,,,,,,,,,,,,,,,,,,,,,,,,,,,
Senegal,,,,,,,,,,,,,,,,,,,,,,,,,,,,,,,,,,,,,,,,,,,,,,,,,,,0.01,0.01,0.01,0.01,0.01,0.01,0.01,0.01,0.01,0.01,0.01,0.02,0.03,0.04,0.05,0.06,0.062,0.064,0.066,0.068,0.07,0.07,0.07,0.07,0.07,0.07,0.07,0.07,0.07,0.07,0.07,0.074,0.078,0.082,0.086,0.09,0.096,0.102,0.108,0.114,0.12,0.13,0.14,0.15,0.16,0.17,0.186,0.202,0.218,0.234,0.25,0.268,0.286,0.304,0.322,0.34,0.354,0.368,0.382,0.396,0.41,0.422,0.434,0.446,0.458,0.47,0.476,0.482,0.488,0.494,0.5,0.504,0.508,0.512,0.516,0.52,0.51,0.5,0.49,0.48,0.47,0.458,0.446,0.434,0.422,0.41,0.47,0.53,0.59,0.65,0.71,,,,,,,,,,,,,,,,,,,,,,,,,,,,,,
Serbia,,,,,,,,,,,,,,,,,,,,,0.01,0.012,0.014,0.016,0.018,0.02,0.024,0.028,0.032,0.036,0.04,0.042,0.044,0.046,0.048,0.05,0.052,0.054,0.056,0.058,0.06,0.064,0.068,0.072,0.076,0.08,0.084,0.088,0.092,0.096,0.1,0.11,0.12,0.13,0.14,0.15,0.16,0.17,0.18,0.19,0.2,0.216,0.232,0.248,0.264,0.28,0.304,0.328,0.352,0.376,0.4,0.402,0.404,0.406,0.408,0.41,0.388,0.366,0.344,0.322,0.3,0.314,0.328,0.342,0.356,0.37,0.388,0.406,0.424,0.442,0.46,0.474,0.488,0.502,0.516,0.53,0.554,0.578,0.602,0.626,0.65,0.694,0.738,0.782,0.826,0.87,0.91,0.95,0.99,1.03,1.07,1.108,1.146,1.184,1.222,1.26,1.312,1.364,1.416,1.468,1.52,1.654,1.788,1.922,2.056,2.19,2.324,2.458,2.592,2.726,2.86,3.102,3.344,3.586,3.828,4.07,4.294,4.518,4.742,4.966,5.19,,,,,,,,,,,,,,,,,,,,,,,,,,,,,,
"Sierra Leone",,,,,,,,,,,,,,,,,,,,,,,,,,,,,,,,,,,,,,,,,0.01,0.012,0.014,0.016,0.018,0.02,0.022,0.024,0.026,0.028,0.03,0.032,0.034,0.036,0.038,0.04,0.042,0.044,0.046,0.048,0.05,0.052,0.054,0.056,0.058,0.06,0.062,0.064,0.066,0.068,0.07,0.074,0.078,0.082,0.086,0.09,0.092,0.094,0.096,0.098,0.1,0.104,0.108,0.112,0.116,0.12,0.122,0.124,0.126,0.128,0.13,0.138,0.146,0.154,0.162,0.17,0.182,0.194,0.206,0.218,0.23,0.246,0.262,0.278,0.294,0.31,0.328,0.346,0.364,0.382,0.4,0.424,0.448,0.472,0.496,0.52,0.538,0.556,0.574,0.592,0.61,0.626,0.642,0.658,0.674,0.69,0.718,0.746,0.774,0.802,0.83,0.88,0.93,0.98,1.03,1.08,1.156,1.232,1.308,1.384,1.46,,,,,,,,,,,,,,,,,,,,,,,,,,,,,,
"South Africa",,,,,,,,,,,,,,,,,,,,,,,,,,,,,,,,,,,,0.01,0.01,0.01,0.01,0.01,0.01,0.03,0.05,0.07,0.09,0.11,0.154,0.198,0.242,0.286,0.33,0.348,0.366,0.384,0.402,0.42,0.44,0.46,0.48,0.5,0.52,0.54,0.56,0.58,0.6,0.62,0.64,0.66,0.68,0.7,0.72,0.736,0.752,0.768,0.784,0.8,0.814,0.828,0.842,0.856,0.87,0.88,0.89,0.9,0.91,0.92,0.918,0.916,0.914,0.912,0.91,0.924,0.938,0.952,0.966,0.98,0.992,1.004,1.016,1.028,1.04,1.032,1.024,1.016,1.008,1,1.002,1.004,1.006,1.008,1.01,0.996,0.982,0.968,0.954,0.94,1.048,1.156,1.264,1.372,1.48,1.624,1.768,1.912,2.056,2.2,2.21,2.22,2.23,2.24,2.25,2.36,2.47,2.58,2.69,2.8,2.93,3.06,3.19,3.32,3.45,,,,,,,,,,,,,,,,,,,,,,,,,,,,,,
"South Korea",,,,,,,,,,,,,,,,,,,,,,,,,,,,,,,0.01,0.01,0.01,0.01,0.01,0.01,0.01,0.01,0.01,0.01,0.01,0.03,0.05,0.07,0.09,0.11,0.126,0.142,0.158,0.174,0.19,0.196,0.202,0.208,0.214,0.22,0.228,0.236,0.244,0.252,0.26,0.266,0.272,0.278,0.284,0.29,0.294,0.298,0.302,0.306,0.31,0.31,0.31,0.31,0.31,0.31,0.33,0.35,0.37,0.39,0.41,0.448,0.486,0.524,0.562,0.6,0.65,0.7,0.75,0.8,0.85,0.936,1.022,1.108,1.194,1.28,1.36,1.44,1.52,1.6,1.68,1.784,1.888,1.992,2.096,2.2,2.35,2.5,2.65,2.8,2.95,3.08,3.21,3.34,3.47,3.6,3.726,3.852,3.978,4.104,4.23,4.306,4.382,4.458,4.534,4.61,4.672,4.734,4.796,4.858,4.92,4.974,5.028,5.082,5.136,5.19,5.232,5.274,5.316,5.358,5.4,,,,,,,,,,,,,,,,,,,,,,,,,,,,,,
Spain,0.02,0.02,0.02,0.02,0.02,0.02,0.022,0.024,0.026,0.028,0.03,0.03,0.03,0.03,0.03,0.03,0.03,0.03,0.03,0.03,0.03,0.032,0.034,0.036,0.038,0.04,0.04,0.04,0.04,0.04,0.04,0.04,0.04,0.04,0.04,0.04,0.04,0.04,0.04,0.04,0.04,0.042,0.044,0.046,0.048,0.05,0.052,0.054,0.056,0.058,0.06,0.062,0.064,0.066,0.068,0.07,0.074,0.078,0.082,0.086,0.09,0.094,0.098,0.102,0.106,0.11,0.136,0.162,0.188,0.214,0.24,0.252,0.264,0.276,0.288,0.3,0.31,0.32,0.33,0.34,0.35,0.356,0.362,0.368,0.374,0.38,0.396,0.412,0.428,0.444,0.46,0.486,0.512,0.538,0.564,0.59,0.652,0.714,0.776,0.838,0.9,1.014,1.128,1.242,1.356,1.47,1.612,1.754,1.896,2.038,2.18,2.202,2.224,2.246,2.268,2.29,2.344,2.398,2.452,2.506,2.56,2.71,2.86,3.01,3.16,3.31,3.43,3.55,3.67,3.79,3.91,4.02,4.13,4.24,4.35,4.46,4.492,4.524,4.556,4.588,4.62,4.594,4.568,4.542,4.516,4.49,4.536,4.582,4.628,4.674,4.72,4.748,4.776,4.804,4.832,4.86,4.894,4.928,4.962,4.996,5.03,5.052,5.074,5.096,5.118,5.14,5.164,5.188,5.212,5.236,5.26
"Sri Lanka",,,,,,,,,,,,,,,,,,,,,,,,,,,,,,,,,,,,0.01,0.02,0.03,0.04,0.05,0.06,0.072,0.084,0.096,0.108,0.12,0.13,0.14,0.15,0.16,0.17,0.21,0.25,0.29,0.33,0.37,0.386,0.402,0.418,0.434,0.45,0.466,0.482,0.498,0.514,0.53,0.546,0.562,0.578,0.594,0.61,0.62,0.63,0.64,0.65,0.66,0.68,0.7,0.72,0.74,0.76,0.782,0.804,0.826,0.848,0.87,0.896,0.922,0.948,0.974,1,1.032,1.064,1.096,1.128,1.16,1.302,1.444,1.586,1.728,1.87,1.844,1.818,1.792,1.766,1.74,1.718,1.696,1.674,1.652,1.63,1.688,1.746,1.804,1.862,1.92,2.062,2.204,2.346,2.488,2.63,2.782,2.934,3.086,3.238,3.39,3.566,3.742,3.918,4.094,4.27,4.286,4.302,4.318,4.334,4.35,4.32,4.29,4.26,4.23,4.2,,,,,,,,,,,,,,,,,,,,,,,,,,,,,,
Sudan,,,,,,,,,,,,,,,,,,,,,,,,,,,,,,,,,,,,,,,,,,,,,,0.02,0.02,0.02,0.02,0.02,0.02,0.02,0.02,0.02,0.02,0.02,0.022,0.024,0.026,0.028,0.03,0.032,0.034,0.036,0.038,0.04,0.042,0.044,0.046,0.048,0.05,0.05,0.05,0.05,0.05,0.05,0.052,0.054,0.056,0.058,0.06,0.064,0.068,0.072,0.076,0.08,0.084,0.088,0.092,0.096,0.1,0.106,0.112,0.118,0.124,0.13,0.134,0.138,0.142,0.146,0.15,0.168,0.186,0.204,0.222,0.24,0.252,0.264,0.276,0.288,0.3,0.316,0.332,0.348,0.364,0.38,0.398,0.416,0.434,0.452,0.47,0.484,0.498,0.512,0.526,0.54,0.548,0.556,0.564,0.572,0.58,0.584,0.588,0.592,0.596,0.6,0.6,0.6,0.6,0.6,0.6,,,,,,,,,,,,,,,,,,,,,,,,,,,,,,
Swaziland,,,,,,,,,,,,,,,,,,,,,,,,,,,,,,,,,,,,,,,,,0.01,0.012,0.014,0.016,0.018,0.02,0.02,0.02,0.02,0.02,0.02,0.028,0.036,0.044,0.052,0.06,0.064,0.068,0.072,0.076,0.08,0.082,0.084,0.086,0.088,0.09,0.094,0.098,0.102,0.106,0.11,0.114,0.118,0.122,0.126,0.13,0.138,0.146,0.154,0.162,0.17,0.176,0.182,0.188,0.194,0.2,0.206,0.212,0.218,0.224,0.23,0.236,0.242,0.248,0.254,0.26,0.296,0.332,0.368,0.404,0.44,0.492,0.544,0.596,0.648,0.7,0.746,0.792,0.838,0.884,0.93,0.98,1.03,1.08,1.13,1.18,1.184,1.188,1.192,1.196,1.2,1.204,1.208,1.212,1.216,1.22,1.172,1.124,1.076,1.028,0.98,0.968,0.956,0.944,0.932,0.92,0.966,1.012,1.058,1.104,1.15,,,,,,,,,,,,,,,,,,,,,,,,,,,,,,
Sweden,0.31,0.314,0.318,0.322,0.326,0.33,0.336,0.342,0.348,0.354,0.36,0.366,0.372,0.378,0.384,0.39,0.396,0.402,0.408,0.414,0.42,0.424,0.428,0.432,0.436,0.44,0.442,0.444,0.446,0.448,0.45,0.454,0.458,0.462,0.466,0.47,0.468,0.466,0.464,0.462,0.46,0.456,0.452,0.448,0.444,0.44,0.458,0.476,0.494,0.512,0.53,0.546,0.562,0.578,0.594,0.61,0.688,0.766,0.844,0.922,1,1.022,1.044,1.066,1.088,1.11,1.138,1.166,1.194,1.222,1.25,1.294,1.338,1.382,1.426,1.47,1.514,1.558,1.602,1.646,1.69,1.734,1.778,1.822,1.866,1.91,1.974,2.038,2.102,2.166,2.23,2.29,2.35,2.41,2.47,2.53,2.614,2.698,2.782,2.866,2.95,3.094,3.238,3.382,3.526,3.67,3.762,3.854,3.946,4.038,4.13,4.174,4.218,4.262,4.306,4.35,4.406,4.462,4.518,4.574,4.63,4.684,4.738,4.792,4.846,4.9,4.94,4.98,5.02,5.06,5.1,5.122,5.144,5.166,5.188,5.21,5.214,5.218,5.222,5.226,5.23,5.226,5.222,5.218,5.214,5.21,5.216,5.222,5.228,5.234,5.24,5.24,5.24,5.24,5.24,5.24,5.242,5.244,5.246,5.248,5.25,5.25,5.25,5.25,5.25,5.25,5.254,5.258,5.262,5.266,5.27
Switzerland,0.06,0.062,0.064,0.066,0.068,0.07,0.074,0.078,0.082,0.086,0.09,0.094,0.098,0.102,0.106,0.11,0.114,0.118,0.122,0.126,0.13,0.136,0.142,0.148,0.154,0.16,0.164,0.168,0.172,0.176,0.18,0.206,0.232,0.258,0.284,0.31,0.334,0.358,0.382,0.406,0.43,0.454,0.478,0.502,0.526,0.55,0.614,0.678,0.742,0.806,0.87,0.898,0.926,0.954,0.982,1.01,1.032,1.054,1.076,1.098,1.12,1.14,1.16,1.18,1.2,1.22,1.242,1.264,1.286,1.308,1.33,1.358,1.386,1.414,1.442,1.47,1.516,1.562,1.608,1.654,1.7,1.712,1.724,1.736,1.748,1.76,1.766,1.772,1.778,1.784,1.79,1.896,2.002,2.108,2.214,2.32,2.432,2.544,2.656,2.768,2.88,3.016,3.152,3.288,3.424,3.56,3.712,3.864,4.016,4.168,4.32,4.266,4.212,4.158,4.104,4.05,4.06,4.07,4.08,4.09,4.1,4.108,4.116,4.124,4.132,4.14,4.128,4.116,4.104,4.092,4.08,4.172,4.264,4.356,4.448,4.54,4.826,5.112,5.398,5.684,5.97,5.994,6.018,6.042,6.066,6.09,6.1,6.11,6.12,6.13,6.14,6.144,6.148,6.152,6.156,6.16,6.164,6.168,6.172,6.176,6.18,6.186,6.192,6.198,6.204,6.21,6.218,6.226,6.234,6.242,6.25
Syria,,,,,,,,,,,,,,,,,,,,,,,,,,,,,,,0.01,0.01,0.01,0.01,0.01,0.01,0.01,0.01,0.01,0.01,0.01,0.012,0.014,0.016,0.018,0.02,0.022,0.024,0.026,0.028,0.03,0.03,0.03,0.03,0.03,0.03,0.032,0.034,0.036,0.038,0.04,0.042,0.044,0.046,0.048,0.05,0.052,0.054,0.056,0.058,0.06,0.062,0.064,0.066,0.068,0.07,0.074,0.078,0.082,0.086,0.09,0.098,0.106,0.114,0.122,0.13,0.144,0.158,0.172,0.186,0.2,0.228,0.256,0.284,0.312,0.34,0.372,0.404,0.436,0.468,0.5,0.54,0.58,0.62,0.66,0.7,0.736,0.772,0.808,0.844,0.88,0.916,0.952,0.988,1.024,1.06,1.072,1.084,1.096,1.108,1.12,1.102,1.084,1.066,1.048,1.03,1.004,0.978,0.952,0.926,0.9,0.998,1.096,1.194,1.292,1.39,1.514,1.638,1.762,1.886,2.01,,,,,,,,,,,,,,,,,,,,,,,,,,,,,,
Taiwan,,,,,,,,,,,,,,,,,,,,,,,,,,,,,,,,,,,,,,,,,,,,,,0.01,0.034,0.058,0.082,0.106,0.13,0.174,0.218,0.262,0.306,0.35,0.384,0.418,0.452,0.486,0.52,0.544,0.568,0.592,0.616,0.64,0.66,0.68,0.7,0.72,0.74,0.758,0.776,0.794,0.812,0.83,0.856,0.882,0.908,0.934,0.96,0.976,0.992,1.008,1.024,1.04,1.058,1.076,1.094,1.112,1.13,1.164,1.198,1.232,1.266,1.3,1.354,1.408,1.462,1.516,1.57,1.66,1.75,1.84,1.93,2.02,2.118,2.216,2.314,2.412,2.51,2.592,2.674,2.756,2.838,2.92,3.004,3.088,3.172,3.256,3.34,3.432,3.524,3.616,3.708,3.8,3.892,3.984,4.076,4.168,4.26,4.362,4.464,4.566,4.668,4.77,4.832,4.894,4.956,5.018,5.08,,,,,,,,,,,,,,,,,,,,,,,,,,,,,,
Thailand,,,,,,,,,,,,,,,,,,,,,,,,,,,,,,,,,,,,0.02,0.022,0.024,0.026,0.028,0.03,0.034,0.038,0.042,0.046,0.05,0.062,0.074,0.086,0.098,0.11,0.11,0.11,0.11,0.11,0.11,0.114,0.118,0.122,0.126,0.13,0.136,0.142,0.148,0.154,0.16,0.168,0.176,0.184,0.192,0.2,0.21,0.22,0.23,0.24,0.25,0.254,0.258,0.262,0.266,0.27,0.272,0.274,0.276,0.278,0.28,0.286,0.292,0.298,0.304,0.31,0.312,0.314,0.316,0.318,0.32,0.324,0.328,0.332,0.336,0.34,0.37,0.4,0.43,0.46,0.49,0.524,0.558,0.592,0.626,0.66,0.682,0.704,0.726,0.748,0.77,0.8,0.83,0.86,0.89,0.92,0.984,1.048,1.112,1.176,1.24,1.274,1.308,1.342,1.376,1.41,1.534,1.658,1.782,1.906,2.03,2.142,2.254,2.366,2.478,2.59,,,,,,,,,,,,,,,,,,,,,,,,,,,,,,
Togo,,,,,,,,,,,,,,,,,,,,,,,,,,,,,,,,,,,,,,,,,,,,,,,,,,,0.01,0.01,0.01,0.01,0.01,0.01,0.01,0.01,0.01,0.01,0.01,0.012,0.014,0.016,0.018,0.02,0.02,0.02,0.02,0.02,0.02,0.02,0.02,0.02,0.02,0.02,0.022,0.024,0.026,0.028,0.03,0.03,0.03,0.03,0.03,0.03,0.032,0.034,0.036,0.038,0.04,0.044,0.048,0.052,0.056,0.06,0.066,0.072,0.078,0.084,0.09,0.174,0.258,0.342,0.426,0.51,0.596,0.682,0.768,0.854,0.94,0.976,1.012,1.048,1.084,1.12,1.148,1.176,1.204,1.232,1.26,1.284,1.308,1.332,1.356,1.38,1.418,1.456,1.494,1.532,1.57,1.614,1.658,1.702,1.746,1.79,1.852,1.914,1.976,2.038,2.1,,,,,,,,,,,,,,,,,,,,,,,,,,,,,,
"Trinidad and Tobago",0.01,0.01,0.01,0.01,0.01,0.01,0.01,0.01,0.01,0.01,0.01,0.01,0.01,0.01,0.01,0.01,0.01,0.01,0.01,0.01,0.01,0.012,0.014,0.016,0.018,0.02,0.02,0.02,0.02,0.02,0.02,0.022,0.024,0.026,0.028,0.03,0.032,0.034,0.036,0.038,0.04,0.044,0.048,0.052,0.056,0.06,0.066,0.072,0.078,0.084,0.09,0.094,0.098,0.102,0.106,0.11,0.138,0.166,0.194,0.222,0.25,0.258,0.266,0.274,0.282,0.29,0.296,0.302,0.308,0.314,0.32,0.33,0.34,0.35,0.36,0.37,0.378,0.386,0.394,0.402,0.41,0.424,0.438,0.452,0.466,0.48,0.504,0.528,0.552,0.576,0.6,0.628,0.656,0.684,0.712,0.74,0.778,0.816,0.854,0.892,0.93,0.968,1.006,1.044,1.082,1.12,1.172,1.224,1.276,1.328,1.38,1.428,1.476,1.524,1.572,1.62,1.7,1.78,1.86,1.94,2.02,2.09,2.16,2.23,2.3,2.37,2.448,2.526,2.604,2.682,2.76,2.844,2.928,3.012,3.096,3.18,3.29,3.4,3.51,3.62,3.73,,,,,,,,,,,,,,,,,,,,,,,,,,,,,,
Tunisia,,,,,,,,,,,,,,,,,,,,,,,,,,,,,,,,,,,,,,,,,0.01,0.014,0.018,0.022,0.026,0.03,0.032,0.034,0.036,0.038,0.04,0.042,0.044,0.046,0.048,0.05,0.052,0.054,0.056,0.058,0.06,0.074,0.088,0.102,0.116,0.13,0.134,0.138,0.142,0.146,0.15,0.152,0.154,0.156,0.158,0.16,0.166,0.172,0.178,0.184,0.19,0.196,0.202,0.208,0.214,0.22,0.226,0.232,0.238,0.244,0.25,0.274,0.298,0.322,0.346,0.37,0.4,0.43,0.46,0.49,0.52,0.558,0.596,0.634,0.672,0.71,0.75,0.79,0.83,0.87,0.91,0.958,1.006,1.054,1.102,1.15,1.202,1.254,1.306,1.358,1.41,1.466,1.522,1.578,1.634,1.69,1.76,1.83,1.9,1.97,2.04,2.122,2.204,2.286,2.368,2.45,2.522,2.594,2.666,2.738,2.81,,,,,,,,,,,,,,,,,,,,,,,,,,,,,,
Turkey,,,,,,,,,,,,,,,,,,,,,,,,,,,,,,,0.05,0.054,0.058,0.062,0.066,0.07,0.07,0.07,0.07,0.07,0.07,0.074,0.078,0.082,0.086,0.09,0.092,0.094,0.096,0.098,0.1,0.104,0.108,0.112,0.116,0.12,0.124,0.128,0.132,0.136,0.14,0.144,0.148,0.152,0.156,0.16,0.164,0.168,0.172,0.176,0.18,0.188,0.196,0.204,0.212,0.22,0.222,0.224,0.226,0.228,0.23,0.238,0.246,0.254,0.262,0.27,0.282,0.294,0.306,0.318,0.33,0.34,0.35,0.36,0.37,0.38,0.402,0.424,0.446,0.468,0.49,0.516,0.542,0.568,0.594,0.62,0.664,0.708,0.752,0.796,0.84,0.898,0.956,1.014,1.072,1.13,1.172,1.214,1.256,1.298,1.34,1.39,1.44,1.49,1.54,1.59,1.644,1.698,1.752,1.806,1.86,1.924,1.988,2.052,2.116,2.18,2.226,2.272,2.318,2.364,2.41,2.382,2.354,2.326,2.298,2.27,2.324,2.378,2.432,2.486,2.54,2.592,2.644,2.696,2.748,2.8,2.852,2.904,2.956,3.008,3.06,3.11,3.16,3.21,3.26,3.31,3.362,3.414,3.466,3.518,3.57
Uganda,,,,,,,,,,,,,,,,,,,,,,,,,,,,,,,,,,,,0.01,0.01,0.01,0.01,0.01,0.01,0.012,0.014,0.016,0.018,0.02,0.024,0.028,0.032,0.036,0.04,0.04,0.04,0.04,0.04,0.04,0.04,0.04,0.04,0.04,0.04,0.04,0.04,0.04,0.04,0.04,0.042,0.044,0.046,0.048,0.05,0.052,0.054,0.056,0.058,0.06,0.066,0.072,0.078,0.084,0.09,0.094,0.098,0.102,0.106,0.11,0.112,0.114,0.116,0.118,0.12,0.116,0.112,0.108,0.104,0.1,0.098,0.096,0.094,0.092,0.09,0.098,0.106,0.114,0.122,0.13,0.144,0.158,0.172,0.186,0.2,0.23,0.26,0.29,0.32,0.35,0.382,0.414,0.446,0.478,0.51,0.514,0.518,0.522,0.526,0.53,0.536,0.542,0.548,0.554,0.56,0.62,0.68,0.74,0.8,0.86,0.938,1.016,1.094,1.172,1.25,,,,,,,,,,,,,,,,,,,,,,,,,,,,,,
"United Kingdom",0.02,0.022,0.024,0.026,0.028,0.03,0.032,0.034,0.036,0.038,0.04,0.042,0.044,0.046,0.048,0.05,0.052,0.054,0.056,0.058,0.06,0.062,0.064,0.066,0.068,0.07,0.074,0.078,0.082,0.086,0.09,0.114,0.138,0.162,0.186,0.21,0.236,0.262,0.288,0.314,0.34,0.364,0.388,0.412,0.436,0.46,0.482,0.504,0.526,0.548,0.57,0.598,0.626,0.654,0.682,0.71,0.754,0.798,0.842,0.886,0.93,0.988,1.046,1.104,1.162,1.22,1.252,1.284,1.316,1.348,1.38,1.4,1.42,1.44,1.46,1.48,1.464,1.448,1.432,1.416,1.4,1.434,1.468,1.502,1.536,1.57,1.612,1.654,1.696,1.738,1.78,1.864,1.948,2.032,2.116,2.2,2.24,2.28,2.32,2.36,2.4,2.442,2.484,2.526,2.568,2.61,2.636,2.662,2.688,2.714,2.74,2.77,2.8,2.83,2.86,2.89,2.95,3.01,3.07,3.13,3.19,3.236,3.282,3.328,3.374,3.42,3.46,3.5,3.54,3.58,3.62,3.884,4.148,4.412,4.676,4.94,5.086,5.232,5.378,5.524,5.67,5.712,5.754,5.796,5.838,5.88,5.916,5.952,5.988,6.024,6.06,6.086,6.112,6.138,6.164,6.19,6.214,6.238,6.262,6.286,6.31,6.328,6.346,6.364,6.382,6.4,6.418,6.436,6.454,6.472,6.49
"United States",0.63,0.64,0.65,0.66,0.67,0.68,0.69,0.7,0.71,0.72,0.73,0.742,0.754,0.766,0.778,0.79,0.828,0.866,0.904,0.942,0.98,1.022,1.064,1.106,1.148,1.19,1.244,1.298,1.352,1.406,1.46,1.5,1.54,1.58,1.62,1.66,1.666,1.672,1.678,1.684,1.69,1.716,1.742,1.768,1.794,1.82,1.85,1.88,1.91,1.94,1.97,2.016,2.062,2.108,2.154,2.2,2.244,2.288,2.332,2.376,2.42,2.478,2.536,2.594,2.652,2.71,2.76,2.81,2.86,2.91,2.96,3.002,3.044,3.086,3.128,3.17,3.144,3.118,3.092,3.066,3.04,3.092,3.144,3.196,3.248,3.3,3.366,3.432,3.498,3.564,3.63,3.738,3.846,3.954,4.062,4.17,4.262,4.354,4.446,4.538,4.63,4.706,4.782,4.858,4.934,5.01,5.078,5.146,5.214,5.282,5.35,5.326,5.302,5.278,5.254,5.23,5.238,5.246,5.254,5.262,5.27,5.31,5.35,5.39,5.43,5.47,5.504,5.538,5.572,5.606,5.64,5.616,5.592,5.568,5.544,5.52,5.54,5.56,5.58,5.6,5.62,5.624,5.628,5.632,5.636,5.64,5.646,5.652,5.658,5.664,5.67,5.674,5.678,5.682,5.686,5.69,5.694,5.698,5.702,5.706,5.71,5.714,5.718,5.722,5.726,5.73,5.736,5.742,5.748,5.754,5.76
Uruguay,0.01,0.01,0.01,0.01,0.01,0.01,0.01,0.01,0.01,0.01,0.01,0.012,0.014,0.016,0.018,0.02,0.022,0.024,0.026,0.028,0.03,0.03,0.03,0.03,0.03,0.03,0.03,0.03,0.03,0.03,0.03,0.03,0.03,0.03,0.03,0.03,0.04,0.05,0.06,0.07,0.08,0.09,0.1,0.11,0.12,0.13,0.138,0.146,0.154,0.162,0.17,0.2,0.23,0.26,0.29,0.32,0.328,0.336,0.344,0.352,0.36,0.368,0.376,0.384,0.392,0.4,0.416,0.432,0.448,0.464,0.48,0.496,0.512,0.528,0.544,0.56,0.582,0.604,0.626,0.648,0.67,0.694,0.718,0.742,0.766,0.79,0.814,0.838,0.862,0.886,0.91,0.944,0.978,1.012,1.046,1.08,1.126,1.172,1.218,1.264,1.31,1.358,1.406,1.454,1.502,1.55,1.604,1.658,1.712,1.766,1.82,1.87,1.92,1.97,2.02,2.07,2.098,2.126,2.154,2.182,2.21,2.25,2.29,2.33,2.37,2.41,2.422,2.434,2.446,2.458,2.47,2.48,2.49,2.5,2.51,2.52,2.536,2.552,2.568,2.584,2.6,,,,,,,,,,,,,,,,,,,,,,,,,,,,,,
Venezuela,,,,,,,,,,,,,,,,,,,,,,,,,,,,,,,0.05,0.054,0.058,0.062,0.066,0.07,0.082,0.094,0.106,0.118,0.13,0.132,0.134,0.136,0.138,0.14,0.142,0.144,0.146,0.148,0.15,0.154,0.158,0.162,0.166,0.17,0.174,0.178,0.182,0.186,0.19,0.194,0.198,0.202,0.206,0.21,0.216,0.222,0.228,0.234,0.24,0.248,0.256,0.264,0.272,0.28,0.286,0.292,0.298,0.304,0.31,0.326,0.342,0.358,0.374,0.39,0.418,0.446,0.474,0.502,0.53,0.592,0.654,0.716,0.778,0.84,0.886,0.932,0.978,1.024,1.07,1.144,1.218,1.292,1.366,1.44,1.502,1.564,1.626,1.688,1.75,1.702,1.654,1.606,1.558,1.51,1.484,1.458,1.432,1.406,1.38,1.41,1.44,1.47,1.5,1.53,1.614,1.698,1.782,1.866,1.95,2.034,2.118,2.202,2.286,2.37,2.49,2.61,2.73,2.85,2.97,,,,,,,,,,,,,,,,,,,,,,,,,,,,,,
Yemen,,,,,,,,,,,,,,,,,,,,,,,,,,,,,,,,,,,,,,,,,,,,,,,,,,,,,,,,,,,,,,,,,,,,,,,0.01,0.0105,0.011,0.0115,0.012,0.0125,0.013,0.0135,0.014,0.0145,0.015,0.0155,0.016,0.0165,0.017,0.0175,0.018,0.0185,0.019,0.0195,0.02,0.0205,0.021,0.0215,0.022,0.0225,0.023,0.0235,0.024,0.0245,0.025,0.0255,0.026,0.0265,0.027,0.0275,0.028,0.0285,0.029,0.0295,0.03,0.052,0.074,0.096,0.118,0.14,0.178,0.216,0.254,0.292,0.33,0.36,0.39,0.42,0.45,0.48,0.526,0.572,0.618,0.664,0.71,0.766,0.822,0.878,0.934,0.99,1.04,1.09,1.14,1.19,1.24,,,,,,,,,,,,,,,,,,,,,,,,,,,,,,
Zambia,,,,,,,,,,,,,,,,,,,,,,,,,,,,,,,,,,,,,,,,,,,,,,,,,,,,,,,,,,,,,0.01,0.01,0.01,0.01,0.01,0.01,0.01,0.01,0.01,0.01,0.01,0.012,0.014,0.016,0.018,0.02,0.02,0.02,0.02,0.02,0.02,0.02,0.02,0.02,0.02,0.02,0.024,0.028,0.032,0.036,0.04,0.044,0.048,0.052,0.056,0.06,0.066,0.072,0.078,0.084,0.09,0.128,0.166,0.204,0.242,0.28,0.326,0.372,0.418,0.464,0.51,0.55,0.59,0.63,0.67,0.71,0.748,0.786,0.824,0.862,0.9,0.924,0.948,0.972,0.996,1.02,1.034,1.048,1.062,1.076,1.09,1.098,1.106,1.114,1.122,1.13,1.204,1.278,1.352,1.426,1.5,,,,,,,,,,,,,,,,,,,,,,,,,,,,,,
Zimbabwe,,,,,,,,,,,,,,,,,,,,,,,,,,,,,,,,,,,,,,,,,,,,,,,,,,,,,,,,,,,,,,,,,,0.04,0.046,0.052,0.058,0.064,0.07,0.078,0.086,0.094,0.102,0.11,0.15,0.19,0.23,0.27,0.31,0.32,0.33,0.34,0.35,0.36,0.374,0.388,0.402,0.416,0.43,0.44,0.45,0.46,0.47,0.48,0.504,0.528,0.552,0.576,0.6,0.622,0.644,0.666,0.688,0.71,0.774,0.838,0.902,0.966,1.03,1.124,1.218,1.312,1.406,1.5,1.622,1.744,1.866,1.988,2.11,2.15,2.19,2.23,2.27,2.31,2.284,2.258,2.232,2.206,2.18,2.17,2.16,2.15,2.14,2.13,2.092,2.054,2.016,1.978,1.94,,,,,,,,,,,,,,,,,,,,,,,,,,,,,,
