Country,1970,1971,1972,1973,1974,1975,1976,1977,1978,1979,1980,1981,1982,1983,1984,1985,1986,1987,1988,1989,1990,1991,1992,1993,1994,1995,1996,1997,1998,1999,2000,2001,2002,2003,2004,2005,2006,2007,2008,2009,2010,2011,2012,2013,2014,2015,2016
Afghanistan,14.19723034,16.07471085,18.01448059,18.70822906,19.01458931,19.07868958,20.43078041,21.48487091,22.47039986,25.2012,27.9319,30.66267014,14.74108982,15.9497,17.15827942,18.26297951,16.39887047,17.1612,17.9235096,19.042,20.1605,21.27897072,22.3733,23.46763992,35.2324295,32.15373993,30.9706,29.7875,28.6044,27.4213,26.2382,25.05512047,22.2189,19.38272095,30.16868019,29.3488102,43.25262833,43.13066864,55.71414948,62.3743515,70.2937088,69.55000305,72.01013184,72.24777985,70.74720001,70.66893005,
Albania,,,,,,,88.60254669,89.4717,90.34075928,91.78243256,94.86260223,96.08666229,91.14875031,84.54947662,84.96916962,89.13645172,92.54705048,91.34155273,91.97212219,92.20301056,94.13928223,94.87686157,77.60674286,68.96154785,68.49359131,69.48094177,68.61434174,71.01335907,72.4005,73.78772736,73.16078949,74.34783173,74.8938,75.4397,75.98561859,78.70159912,79.38844299,81.94142151,84.02813721,84.50826263,88.82131958,92.29099274,94.78173828,98.63839722,100.0258484,98.83409882,
Algeria,,14.09794998,16.69309998,18.24902916,19.68335915,21.01477051,23.89345932,27.64706993,31.85123062,34.49805832,36.49962997,38.66384125,41.71846008,45.1992,48.68000031,52.05480957,56.55942154,59.5637207,60.55815125,67.63778687,66.47670746,63.90370178,62.91947174,62.4012413,62.64522171,61.81626129,61.62387085,60.50083923,62.7103,64.91969299,63.24998093,66.34989166,69.39264679,70.72852325,73.92672729,75.26274872,76.2753067,67.60121918,75.36347198,92.61829376,95.55390167,98.10101318,,,,,
Andorra,,15.27777958,13.40540981,14.01968002,14.10702038,24.43438911,23.36515045,26.7338,30.1025,33.4711,36.8398,40.2084,43.5771,46.9457016,,,,,,,,,,,,,,,,,,,,,,,,,,,,,,,,,
Angola,,7.341599941,8.230349541,8.9058,9.5813,10.2568,10.9323,11.6078,12.2833,12.9588,13.6343,14.3098,14.98532963,13.48571014,13.4881,13.4905,13.4928,13.4952,13.4976,13.4999,13.5023,13.5047,13.5071,13.5094,13.5118,13.5142,13.5165,13.5189,13.52128029,13.7136898,15.17739964,17.52673912,18.40576935,19.7791,21.1525,22.5259,23.8993,25.2727,26.64603043,28.34313965,34.18098831,35.08129883,,,,,
"Antigua and Barbuda",,,99.05917358,91.1096,83.15998077,73.1550293,77.6832,82.21130371,80.4717865,83.3966,86.3215,89.2463,92.1712,95.096,98.0209,100.9457,103.8705,106.7954,109.7202,112.6451,115.5699,118.4948,121.4196167,116.5866,111.7536,106.9205,102.0875,97.2545,92.4214,87.5884,82.75536346,85.9357,89.1161,92.2964,95.4768,98.6571,101.8375,105.0178223,114.7357178,109.0148926,105.6981506,106.578949,97.94280243,99.8732,101.8036118,101.6418304,
Argentina,41.70874023,42.9305687,44.9921608,46.96091843,49.45893097,50.62018967,52.07086945,51.89990997,51.88898849,52.09627151,52.80498886,53.65385818,56.24245071,57.73862076,62.12580872,66.40538788,66.87020874,67.3431778,67.60296631,68.4596,69.3162,70.1728,71.0295,71.8861,72.7427,73.5993,74.45594788,71.82186127,79.11483002,89.73613739,93.6207428,94.49977112,93.71282196,92.59927368,91.71060944,89.76351166,88.58358002,88.52377319,89.64450073,93.43562317,97.12748718,98.55615234,100.7710419,102.4999619,103.3639984,,
Armenia,,,,,,,,,,,,,,,,,,,,,,,,,,,,,,,86.97811127,87.2566,87.5351,87.8136,88.0921,88.3706,88.6491,88.92755127,86.2588501,89.85733795,89.5582,89.2592,88.9601,88.661,88.3619,88.06278229,
Aruba,,,,,,,,,,,,,,,,,,,,,,,,,,,,,,96.00126648,94.9099884,95.73950195,97.85075378,96.7141571,97.2363205,95.71273041,97.95648193,100.995018,91.4189682,94.4188385,93.47659302,94.41153717,110.2637787,,,,
Australia,,,,,,,,,,,,,,,,,,,,,,,,133.3190918,132.1199036,142.7814331,148.177063,149.8497925,152.0667267,157.1102753,161.5886383,155.3577271,155.6652374,157.0852203,151.5496063,150.105423,127.4698105,125.999649,128.0494537,131.4839325,134.4217072,136.3878326,139.0953827,141.2353363,141.2540131,,
Austria,,93.39425659,93.9299,94.4656,95.0013,95.5369,96.07260132,96.3338,96.595,96.8562,97.1174,97.37864685,95.4132309,96.70452118,96.55551147,97.35962677,101.614357,102.9536819,103.3262177,103.1128387,105.7974014,107.0601501,109.0981674,110.2507935,110.4322815,110.0473099,108.7423782,107.7458725,100.5501099,100.8267899,100.8532715,101.131073,101.5832138,102.2083817,102.4403076,102.9459076,102.4730377,101.7868881,101.6002502,101.9607315,100.826973,100.1014328,99.71993256,100.8822708,101.5699387,102.3906174,
Azerbaijan,,,,,,,,,,,,95.58408356,96.2236,96.863,97.5025,98.142,98.78147125,96.5363,94.2911,92.0459,89.8007,87.55548859,89.23239899,89.79634094,87.35977173,81.53131104,71.74626923,69.41381073,,,,,,,,,,,,,,,,,,,
Bahamas,,,,,,,,,,,,,83.97801208,83.31014252,81.586,79.86184692,80.67700958,88.69596863,89.8773,91.0586,92.24,93.4213,94.60266876,94.95935822,90.8547,86.75003052,79.8993,73.04857635,75.6363,78.22398376,82.088,85.9521,89.81610107,88.3177,86.81932068,89.46231079,91.51711273,93.75829315,93.65971375,92.01593018,90.23361969,,,,,,
Bahrain,,58.50886917,54.26908112,54.69155121,56.70415878,60.15800858,61.53554916,63.39710999,68.47634125,73.62477875,63.86980057,71.20098877,76.11727905,90.32594299,89.46012878,95.84327698,99.62162781,96.3625412,92.93939972,90.04544067,85.94824219,97.38831329,95.21047974,98.65310669,102.2855835,104.1243591,101.7333603,93.64093018,92.75195313,91.48191833,95.23493958,94.54995728,89.16332245,89.17801666,90.66697693,91.46253967,92.12995148,90.2708,88.41172791,89.88670349,92.24143982,96.39167023,90.79814148,95.978508,98.48001862,102.3648071,
Bangladesh,,,,30.29532051,28.8629,27.4306,25.99818993,26.70322037,26.5822,26.46125984,27.72612953,26.3125,27.0992,27.8859,28.67259979,28.44631004,26.75505066,27.43701935,26.96402931,26.44273949,26.84369087,29.1104,31.377,33.6437,35.9103,38.177,40.4437,42.7103,44.97697067,46.93220901,47.43830109,47.47238922,48.14377975,47.93505096,46.24644089,44.09563065,44.85203934,45.67771912,42.28815079,46.73714828,47.27249908,47.34160995,50.16181946,56.06476974,57.9331,59.80136871,
Barbados,,76.89154816,78.53286743,79.56519318,76.14875031,80.22135162,74.81378937,74.95845032,81.1987915,81.6254425,82.77722168,87.99536896,83.25911713,85.6650238,86.47930145,90.47045135,88.8562,87.242,85.6278,84.01354218,89.65541077,91.2776,92.8998,94.522,96.1443,97.7665,99.3887,101.0109,102.6331,104.2553177,101.72229,103.3183212,104.3082962,104.912323,107.5195465,109.1238327,104.7619019,104.8198929,103.2557678,102.3929291,101.653923,101.7425613,103.787,105.8314,107.8758926,,
Belarus,,87.73882294,91.45372009,94.55490112,97.21617126,95.62037659,91.235672,91.74185944,91.65135193,92.00740814,93.79522705,94.2687,94.7421,95.2155,95.689,96.1624,96.6359,97.10929871,96.62259674,96.13316345,94.85652924,93.5111,92.1656,90.8202,89.4748,88.1293,86.7839,85.4384,84.09298706,86.923,89.7531,92.5831,95.4132,98.2432,101.0733,103.9033,106.7334,109.5634,112.3934631,111.1874924,108.7481995,108.0288773,108.8281937,107.4348602,107.9138031,107.8023987,
Belgium,,81.77648163,83.30977631,83.41461945,83.75032806,82.73590851,82.70385742,83.72589111,86.11621857,87.77139282,88.57540894,89.83535767,92.11125946,91.95607758,95.51203156,97.87576294,100.0787582,100.7487793,101.9070206,102.3066177,102.3369675,102.4887924,103.2607117,138.1087341,140.5443268,141.1827545,140.9517975,139.4758,137.9999,136.5238953,137.8910675,145.8854218,147.3536682,151.563736,109.6833801,110.1247406,110.1866837,109.7221832,108.040741,107.1494064,107.2979584,108.1194,107.6414566,152.8916779,154.6709747,156.3710632,
Belize,,,,,,,,,,,,,,,,,56.1894989,59.71498108,59.5976,59.4802,59.3629,59.24549866,62.166,65.0866,68.00714111,66.31765747,65.2296,64.1415,63.0535,61.96538925,66.20462036,68.85189056,72.1114,75.37081146,75.8900528,75.33277893,75.04428101,73.32808685,72.40158844,72.02261353,72.50813293,73.65544891,77.25563049,78.52880859,78.05349731,79.79811096,
Benin,,5.995580196,7.4333,8.871040344,9.851750374,11.11458969,12.1956,13.27667046,14.9737,16.6708,18.3678,20.0649,21.7619,23.459,25.156,26.85308075,23.36021042,21.59910965,22.1997,22.8002,23.4007,24.0013,24.6018,25.2024,25.8029,26.4035,27.004,27.6045,28.2051,28.80562019,29.98862076,32.09775162,34.70286942,36.58649063,38.89294052,41.7991,44.7053,47.6115,50.5177,53.4239,56.3301,59.23633957,62.3013,65.36625671,64.81314087,66.73605347,
Bermuda,,76.19048309,81.25926208,79.97113037,75.28328705,76.84246826,79.82698822,89.9200592,89.59436035,95.3311615,100.6405411,99.493,98.3456,97.1981,96.0506,94.9031,93.7556,92.6081,91.4606,90.3131,89.1656,88.0181,86.8706,85.7231,84.5757,83.4282,82.2807,81.1332,79.9857,78.8382,77.6907,76.54321289,74.90699768,74.28762817,75.38462067,75.95702362,74.36418915,73.8448,73.3254,72.806,72.28662109,71.0063324,69.66291809,68.61646271,67.95947266,67.6778183,
Bhutan,4.601530075,4.999680042,5.940169811,7.5279,9.115539551,8.2867,7.458,6.629159927,8.6111,10.5931,12.575,14.557,16.5389,18.52086067,19.65523911,20.2116,20.768,21.3244,21.8808,22.4372,22.9936,23.5499,24.1063,24.6627,25.2191,25.7755,26.3319,26.8883,27.44466019,30.60144043,33.91059113,36.56026077,39.5393,42.5184,45.4975,48.47653961,50.79666138,54.60873032,57.92861176,61.71977997,65.57984161,68.04897308,71.55098724,74.64794922,81.4165802,,
Bolivia,,32.07400894,33.5401,35.0061,36.4722,37.9383,39.4044,40.8704,42.3365,43.8026,45.2686,46.7347,48.2008,49.6668,51.1329,52.599,54.065,55.5311,56.9972,58.4632,59.9293,61.3954,62.8615,64.3275,65.7936,67.2597,68.7257,70.1918,71.65786743,77.49459839,74.04763794,77.45342255,82.61788177,85.80976868,88.82240295,89.58724213,88.49675751,87.69056702,86.78291321,84.70597839,83.64215088,82.50283051,83.11749268,84.96649933,85.79897308,87.09960938,
Botswana,6.867879868,7.704569817,8.792790413,11.76317978,12.54753971,14.01861954,15.07229996,15.69213009,16.60400009,16.24875069,16.79496002,18.05891037,18.5163,18.97377968,23.10346031,26.33692932,28.43116951,30.42428017,30.28850937,34.73814011,37.67327881,44.17586899,43.97710037,48.12614822,47.86766052,54.17313004,59.3139,64.4546,69.5953064,71.08769226,72.81948853,72.94550323,73.52108765,74.25280762,76.1145401,77.32936096,78.36714935,79.12757874,73.48397064,,,,,,,,
Brazil,,,,,,,,,,,,,,,,,,,,,,,,,,,,,,,,,105.9182663,96.59882355,97.55779266,96.51869965,93.1402,89.76165009,91.12729645,91.45065308,91.1511,90.85148621,91.78845978,97.80696869,98.31359863,97.21672058,
Brunei,57.98585129,58.15177917,59.75759125,58.62126923,58.9659996,60.54003143,60.68534088,57.64548874,57.00389862,57.43183899,58.86520004,59.23891068,61.24082184,63.39036179,61.90932083,63.2857,64.6621,66.0384,67.4148,68.7912,70.1675,71.54389954,70.85178375,72.72679138,73.89771271,75.4275,76.9573,78.4872,80.01698303,83.28338623,84.5291214,85.49349213,87.59700012,89.16223907,93.67944336,97.24698639,97.57498169,95.76088715,96.1086731,98.25862885,98.8635025,101.2638931,105.0385208,103.2798386,99.13040161,95.89029694,
Bulgaria,,90.81697083,91.56791687,92.77105713,94.18934631,95.12162018,92.12328339,94.11676025,93.2786026,90.68385315,90.84332275,90.71340942,91.41631317,92.23986816,92.35481262,93.68994904,99.34372711,100.5871582,102.2447128,102.9102325,99.26925659,97.93913269,95.9259491,93.25196838,90.56316376,92.18701935,93.36277771,92.65247345,92.4883728,92.67819977,93.54354095,94.5615921,96.39232635,87.96328735,91.18061066,92.3960495,93.27036285,93.59931946,92.10080719,91.11115265,92.42198181,95.47358704,95.17523956,101.1444321,102.6095581,100.549408,
"Burkina Faso",,1.825819969,1.884610057,1.957859993,2.25432992,2.334490061,2.355479956,2.672790051,2.7564,2.840039968,3.138430119,3.47668004,3.787389994,3.930560112,4.179530144,4.896120071,5.927159786,6.513,7.0988,7.6846,8.2704,8.8562,9.442,10.0278,10.61355019,10.9044,11.1952,11.4861,11.7769,12.06776047,12.54920006,12.76105022,13.534,14.30694962,15.59440041,16.70679092,17.40402985,18.61552048,21.66653061,23.20669937,24.78071976,26.72390938,28.58592987,30.6857605,32.37174988,35.06069183,
Burundi,,2.933150053,3.005320072,2.138000011,2.543080091,3.024749994,3.245850086,3.112090111,3.357450008,3.515259981,3.562410116,4.101570129,4.082220078,4.203020096,4.467339993,4.850800037,5.226099968,5.584700108,5.781020164,6.220230103,6.484640121,7.405320168,7.710949898,8.377149582,8.7054,9.0337,9.362,9.6903,10.0185,10.3468,10.6751,11.0034,11.3317,11.65993023,13.41763973,14.78009033,16.20347023,17.54338074,20.4908,23.43824959,27.1528492,30.02853012,32.26361084,36.25780106,41.06225967,44.49734116,
"Cape Verde",,,12.81923008,13.034,13.2488,13.4636,13.6783,13.8931,14.1079,14.3227,14.5374,14.7522,14.967,15.1818,15.3966,15.6113,15.8261,16.0408802,17.55032921,18.52668953,20.26901054,22.7204,25.1718,27.6232,30.07459068,34.6319,39.1892,43.7465,48.3037,52.861,57.4183,61.9756012,64.76907349,63.45301819,62.13302994,64.50598907,73.47936249,72.75576782,78.63761139,76.35730743,79.45767975,82.91921997,84.22046661,87.83702087,86.7670517,87.67362976,
Cambodia,,11.6528101,12.0847,12.5167,12.9486,13.3806,13.8125,14.2444,14.6764,15.1083,15.5402,15.9722,16.4041,16.836,17.268,17.6999,18.1319,18.5638,18.9957,19.4277,19.8596,20.2915,20.7235,21.1554,21.5873,22.0193,22.4512,22.8832,23.31509018,21.60198021,22.26592064,24.02157974,28.40570068,33.21036911,36.57059097,40.2849,43.99913025,46.52684021,48.49610901,,,,,,,,
Cameroon,,11.39144039,12.49981976,13.76663017,14.58425045,16.12865067,17.43765068,18.8850193,20.20079994,20.93280029,21.47924042,22.76799011,23.16503906,24.56583023,25.38960075,26.78158951,26.81352997,28.92300034,29.93119049,30.22698975,30.21873093,31.43115997,32.40811157,31.7758,31.1434,30.51108932,28.4709,26.43077087,28.44636917,28.21595001,31.7992,35.38243103,34.49760818,32.03253174,29.27458,29.78212929,25.85416985,35.76845932,39.93733978,43.20423126,47.2028,51.20145035,54.36893845,56.35020065,60.9487381,62.5688591,
Canada,,96.40506744,95.88126373,94.08087921,91.50653839,90.93222046,89.76682281,89.25440979,88.19438934,87.06095123,86.06913757,87.01312256,91.38828278,94.54656219,97.65116119,98.60501862,98.70851135,98.64070129,98.7547226,98.29282379,98.87107086,100.6424789,102.2006378,104.3776016,105.4689865,104.5597076,104.8543091,105.1444,105.4344482,101.1045532,100.5781097,100.8941,101.2101,101.5261,101.8421,102.1580582,102.4331818,102.7837372,103.3883209,103.8476181,103.5910721,104.4495773,110.410141,109.8308716,,,
"Central African Republic",,7.220290184,8.991780281,10.25004959,11.1608,12.0715,12.98225021,13.6870203,15.75187969,16.26202011,17.61705017,19.8868103,23.26012993,23.0436,22.8271,22.6106,22.39409065,18.23596001,16.48700905,15.46718025,16.40221024,16.33877945,13.63500023,13.8492,14.0634,14.2776,14.4918,14.706,14.9202,15.1344,15.3486,15.56282997,15.8243,16.0858,16.3472,16.6087,16.8702,17.1317,17.3931,17.65460014,20.3015,22.94832039,23.03746033,,,,
Chad,,3.594980001,3.850239992,3.8974,3.944629908,4.5464,5.1482,5.7499,6.3517,6.9534,7.5552,8.157,8.7587,9.3605,9.9623,10.56402969,10.0284,9.492710114,9.5966,9.700559616,10.80737972,11.0475,11.2876,11.5278,11.76791,13.05125046,13.49473953,13.88146019,15.11268044,15.87102032,16.66757965,19.05176926,20.01269913,22.25826073,22.71478081,23.18926048,23.59535027,25.52520943,29.6579895,32.55057907,31.75959015,32.09865952,30.6767292,,,,
Chile,45.21763992,52.20584106,56.66147995,59.39286041,59.13301849,58.12630844,57.51306152,59.81895828,60.97814178,61.94684982,61.41262054,61.10858917,62.26721954,66.71507263,69.6463623,72.87268066,75.12847137,76.2378,77.347,78.45633698,75.43061066,95.87123871,95.62638092,75.19721985,76.2054,77.2136,78.2217,79.2299,80.23806,82.50109863,86.82826233,88.6301,90.43186188,93.37922668,95.19229889,97.49822235,97.70204926,96.68238831,95.95964813,92.96116638,93.2064209,92.3077774,89.70339203,99.67537689,99.63568115,99.98725128,
China,,,,,,,67.83963776,67.63352203,62.39324951,57.92700958,50.85470963,46.897789,40.1954689,36.58916855,35.72927094,36.9239006,38.88611984,40.63077927,42.27658081,42.33496094,42.77902985,45.08322906,48.08383942,50.99274826,51.65446854,55.1556282,59.36251831,62.03979111,62.2062,62.3727,62.5392,62.70561981,63.2254,63.7452507,65.3281,66.9109,68.49375916,72.39373016,76.09976196,79.56452179,85.04251099,89.0120697,91.79875946,95.44566345,93.35311127,93.1683197,
Colombia,23.61424065,25.56777,27.00324059,32.95896149,35.1678009,36.36894989,37.09085083,39.17390823,38.57851028,39.02856064,39.18125153,39.60829163,40.60414124,38.51124954,43.12187958,44.59415817,49.38077927,50.47043991,51.00059128,51.12965012,49.1631,47.19654846,52.17340088,54.78905106,55.8468,56.90449905,63.55083847,64.9113,66.27178192,66.87947845,66.5774231,67.8348,69.09223938,71.9022,74.71224976,79.26215363,83.10827637,86.82991028,89.51931,94.45786285,97.31616211,99.4876709,95.66751099,96.46768188,95.07144165,94.78263855,
Comoros,,5.312550068,8.028,10.74349976,14.0257,17.3079,20.5901,23.8723,27.1545,30.4368,33.719,37.00117111,38.825,40.6489,42.4728,44.2967,46.12054062,44.42274094,43.7249,43.027,42.3291,41.6312,40.9333,40.2355,39.5376,38.8397,38.1418,37.4439,36.746,36.04816055,36.8469,37.6457,38.44446945,42.80868912,49.13933945,50.1521,51.1648,52.1776,53.1903,54.2031,55.2158,56.2286,57.2413,58.2541008,58.38940048,,
"Congo (Kinshasa)",,15.01047993,17.25251007,17.68832016,17.27846909,22.44861031,24.94123077,28.41278076,32.37107849,36.94039154,36.23534012,35.59569931,35.19054031,34.82276154,34.45721054,34.0655899,33.65662003,33.38399887,34.27429962,33.3972,32.5201,31.643,30.76585007,33.12221146,35.56821823,34.68558121,35.5992,36.5127,37.4263,38.3399,39.2534,40.167,41.0806,41.9941,42.9077,43.8213,44.7349,45.64842987,48.44882965,50.73160172,49.86170959,52.06703186,51.81003952,50.55400848,53.59997177,,
"Congo (Brazzaville)",,24.33672905,28.31125069,34.29536057,43.26221085,50.34140015,55.92050171,63.53216171,67.67920685,70.95562744,72.57926178,79.57302094,84.35845947,80.6736,76.98874664,73.05496216,76.14990234,76.62207794,71.04364777,60.99074936,54.88208008,54.4976,54.11317062,54.3488,54.5845,54.8202,55.05583954,53.3474,51.639,49.9306,48.2222,46.5138,44.80543137,47.90542984,49.73762894,50.8244,51.9112,52.998,54.0848,55.1715,56.2583,57.3451,58.43188095,,,,
"Costa Rica",27.51856041,28.68357086,31.24564934,35.78487015,39.29288101,39.6380806,39.57727051,40.20344162,41.8531,43.50281143,43.5410881,43.45421982,42.63225937,40.56697083,39.82125854,38.77618027,40.26319885,41.17483139,41.34083939,42.03327942,42.8415184,43.7319603,45.81526947,46.36534119,47.47851181,48.55942917,47.8563385,48.68048096,56.85042191,62.17979813,61.70824814,67.25405884,68.72988892,74.7601,80.79029846,82.61239624,89.02311707,90.532547,91.2334671,97.45037079,100.1189575,102.5243073,105.8848495,111.4261475,117.1872635,120.7105789,
"Ivory Coast",,16.05419922,17.19540977,18.55150986,17.81191063,19.1043,20.3968,21.6892,22.9817,24.2741,25.5665,26.85897064,26.7326,26.60629082,26.04371071,26.4084,26.7731,27.1378,27.5025,27.8672,28.2319,28.5966,28.9613,29.3261,29.6908,30.0555,30.4202,30.7849,31.1496,31.51428032,32.5447,33.5751,34.6056,35.636,36.6665,37.6969,38.7273,39.7578,40.7882,41.8186,42.8491,43.8795,44.9099,45.9404,46.97079086,51.00123978,
Croatia,,,,,,,,,,,,,,,,,,,,,,,,79.05348969,82.81833649,80.54582977,80.3449173,81.68575287,83.27039337,84.5192337,84.64643097,84.98339844,86.08744812,87.63809204,89.6361,91.63417816,93.32414246,95.22583771,97.22534943,98.76574707,97.34976959,97.96750641,97.89730072,98.41301727,97.21095276,95.92514801,
Cuba,,,21.87763023,24.54037094,29.26951027,35.61972046,42.8968,50.174,57.4510994,62.94802094,75.25595093,76.71601105,77.94561005,75.26747131,79.16098785,79.90231323,80.82499695,82.06707764,82.89354706,84.02555847,83.9474411,83.51583099,81.65238953,79.56678009,75.02990723,71.87094879,78.99636078,76.950737,77.8077,78.66462708,82.12882233,83.76966858,89.85600281,93.01094818,90.51525116,91.75826263,92.73451996,93.10260773,92.62645721,90.85089111,91.29924774,91.74476624,90.56542969,92.41906738,98.04547119,98.23114777,
Curacao,,,,,,,,,,,,,,,,,,,,,,,,,,,,,,,,,,,,,,,,,,,,86.09375,,,
Cyprus,,58.45341873,60.44971085,64.18512726,66.58325195,65.45095062,69.68271637,70.19345093,67.93583679,67.63240814,68.04824066,67.41252136,68.4078598,68.03132629,70.29846191,70.75511932,67.5898819,63.96697998,61.03495026,62.05065155,63.26412964,64.56884003,66.26467133,92.24983978,93.09049225,94.29376984,93.200737,92.27536774,92.0534,91.83149719,92.35353088,93.00998688,95.91295624,97.62220764,96.43119812,95.65434265,95.80177307,96.90666962,97.79634094,97.75993347,90.91240692,92.15454865,94.45481873,98.10749054,99.37944031,100.1336136,
"Czech Republic",,82.66564941,82.88585663,82.79550171,82.91929626,84.55158997,87.30766296,90.03687286,91.56257629,92.64006042,92.41059875,96.4822,100.5537567,97.05518341,92.51721954,91.07382202,89.46737671,86.12124634,84.11798859,95.19442749,95.37619781,91.07962799,84.46272278,85.32202911,89.70504761,92.77062988,96.51957703,86.45561218,80.3704071,81.33215332,87.56945801,93.39823151,94.21772003,95.27902985,94.83477783,94.95852661,95.39135742,94.44635773,93.695961,93.45599365,94.56565094,95.89763641,96.99127197,104.0146103,104.8774872,105.0559921,
Denmark,,,,,,,,,98.4541626,101.118248,103.6205673,105.3029175,104.9385529,105.2322388,103.6977234,103.9798889,105.3338928,106.740242,107.3791809,108.7507477,108.3729324,108.9201584,109.3451614,110.2454224,112.8628006,116.3491516,119.0249405,120.1158,121.2066574,122.1678238,124.5583725,128.074585,123.3751678,123.163887,120.7653809,121.9539185,118.0920715,117.0158234,116.259697,116.9036636,119.0448227,121.8220215,123.074707,128.4451752,127.6588821,128.3433228,
Djibouti,,9.001700401,8.926,8.850250244,9.629360199,10.4075098,8.80795002,9.1408,9.4737,9.8066,10.1394,10.4723,10.80519962,11.31750965,12.1362896,12.3947897,12.43706989,12.85208035,12.11085033,12.53215981,12.4071,12.282,12.15684986,10.88578987,11.54992962,12.92685986,13.1419096,14.8101902,15.6684,16.52656937,16.91036987,19.66642952,20.60070038,22.2276,23.8544693,26.90979004,26.56266022,30.17663002,35.93534088,38.47103882,41.0408,43.61048889,48.56087875,50.85041046,51.12591171,52.11309052,52.93642044
Dominica,,,,58.59473038,52.60951996,50.61623001,57.47299957,54.95323181,52.93029022,54.74871063,57.5578,60.3668,63.1758,65.9849,68.7939,71.603,74.41201782,65.33363342,64.7906,64.2476,63.70460129,66.2402,68.7758,71.3114,73.847,76.3826,78.9182,81.4538,83.9894,86.52501678,99.2915802,102.3242493,103.9085083,107.5482635,105.1929626,103.2891083,100.8849564,98.811409,98.51851654,95.29443359,92.77977753,93.49971008,95.4201,97.3404,99.2608,101.1810989,
"Dominican Republic",,,,,,,,,,,,,,,,,,,,,,,,,,,,,48.54476929,49.96025085,53.14204025,57.0416,60.94120026,61.889,62.83671951,63.58877945,67.2346,70.88038635,70.19880676,73.70826721,71.50627136,71.00460052,72.07865906,73.3763504,74.42707825,74.07861328,
Ecuador,,27.42876053,29.43997955,31.74702072,34.19398117,36.91418076,40.88573074,44.14543915,46.37749863,46.60176849,50.04653931,52.95183945,55.23836899,55.99570847,53.35354996,57.16859055,56.63301849,57.03218842,57.54304123,57.4066,57.2702,57.1338,56.9974,56.86095047,55.618,54.375,53.13206863,54.2586,55.38504028,57.20513153,57.37406921,57.48218155,58.81547928,58.07662964,59.14953995,61.54940033,63.704319,65.51177979,72.5311,79.5504,86.56977081,90.9484024,95.7073822,99.13244629,102.4462585,105.6769867,105.3265305
Egypt,,41.06029892,42.63010025,43.991539,45.15681839,49.36777115,52.01527023,55.86783981,58.61811066,59.74177933,61.07947159,61.55978012,63.56190109,65.57637024,67.57710266,69.51998138,72.30164337,75.14530945,74.76302338,73.27037811,84.47205353,83.39058685,75.13446808,75.10929871,80.76226807,76.5729599,74.05647278,78.40570068,80.2826,82.15946198,83.16088104,83.97164917,83.6113,83.25095367,82.89900208,80.1398,77.3805,74.6213,71.8621,69.10285187,72.46382904,82.12590027,84.27117157,86.62097168,86.33126068,,
"El Salvador",22.21371078,22.83576012,26.77597046,26.57995987,31.09029961,33.11994171,35.30054855,36.7100296,38.55892181,40.70999908,36.31861877,36.3656,36.4126,36.45962906,36.15742111,36.6686,37.1798,37.691,38.20225143,39.23783875,38.4666,37.69536972,40.95248032,43.95346069,46.6272,49.301,51.9747,54.6484,57.32218933,58.26662827,59.67263031,60.9793396,63.88489914,66.35244751,69.51641846,68.52754211,67.77423096,67.85321808,67.9261322,69.85598755,72.25556946,75.42037201,77.72312927,81.43847656,80.91417694,79.15898132,
"Equatorial Guinea",,20.92958069,20.3003,19.671,19.0418,18.4125,17.78322983,20.1499,22.5167,24.8834,27.2501,29.6168,31.9835,34.3503,36.717,39.0837,41.4504,43.8171,46.1839,48.5506,50.9173,53.284,55.6507,58.01744843,49.30408096,48.8561,48.408,47.96,47.512,47.06393051,42.3993187,38.1462,33.89305878,33.1942,32.4954,31.79653931,,,,,,,,,,,
Eritrea,,,,,,,,,,,,,,,,,,,,,,,,14.52626038,16.55154037,17.6837101,18.44290924,19.8787899,21.9868,24.09481049,26.97052002,27.06061935,29.24740982,30.21314049,32.55947113,35.44615936,36.9986496,33.70616913,35.75838852,38.24428177,38.38951874,39.29764175,40.57273865,39.33665085,38.13628006,32.92556,
Estonia,,,,,,,,,,,,,,,,,,,,,,,98.13114929,94.16786957,93.16513824,96.77658081,88.13127899,90.0088,91.8862381,91.15403748,91.17166138,92.62246704,95.40608215,94.75521851,97.8299408,101.0338669,101.0950165,101.5010681,100.5429993,101.6174316,105.2708511,108.057869,108.084549,109.0229874,110.7336121,115.6001434,
Ethiopia,,5.720940113,6.131690025,6.6802,7.228730202,8.099,8.9692,9.8395,10.7097,11.58,12.4502,13.3204,14.1907,15.0609,15.93118,15.8901,15.849,15.8079,15.7668,15.7257,15.6845,15.64344025,13.18159962,11.5519104,11.35544968,11.69892979,12.36345959,13.1557,13.948,14.74026012,16.13124084,19.65607071,22.8396492,24.66735077,27.73086929,30.84653091,35.23672867,38.13022995,38.29574966,37.52952957,37.9888916,38.26892853,39.60277176,38.37,37.1373,35.9045105,
Fiji,55.88747025,58.2716,60.65573883,63.08623886,65.09146881,66.67173004,68.84742737,71.89775085,72.42478943,71.0475,69.67019653,68.25066376,68.6754,69.10012054,70.7145462,68.75013733,70.45786285,72.3361969,73.7537,75.1712,76.5887,78.0062027,80.35690308,79.6536,78.9504,78.2471,77.5438,76.8405,76.13725281,74.38977051,74.98600006,76.39917755,79.29640198,83.14910126,88.00898743,87.5084,87.00784302,84.51872253,84.98027802,83.08068848,85.2601,87.43943787,84.25052643,,,,
Finland,,97.8477478,101.6554184,100.8115616,101.6929092,92.3957,83.09857178,86.89230347,89.20049286,91.93280029,92.85965729,94.37599182,95.07878113,95.14160919,96.14279175,96.68105316,97.69625092,98.01409912,100.0380325,103.2074585,105.2853317,106.3138733,108.4269028,107.0124664,108.4414978,107.5969772,106.8698196,110.398941,112.2695694,115.5031509,119.3343277,121.1643372,122.4486923,125.4090805,108.3875809,109.5389099,109.3544998,107.9411697,106.2331772,104.9054871,104.8678207,105.1595001,105.0811462,136.9835815,139.1076202,142.8423462,
France,,70.91850281,74.60774231,77.90823364,84.49183655,80.11756134,79.5783,79.03897858,78.39411926,78.82579803,79.41031647,76.87016296,80.63101959,82.09950256,84.0754,86.0512085,87.13672638,88.52503967,89.7173233,91.45542908,93.74234009,98.85373688,102.750679,103.7333908,114.3239517,114.730957,113.0985718,112.0058594,110.9566422,109.8301086,108.93927,107.8260269,107.6206131,107.8554916,107.8063431,112.1985321,112.0835876,111.8372574,111.6322403,111.1383438,111.004631,110.9889069,111.5968781,110.5620728,110.0791168,,
Gabon,,20.95612907,23.24831009,28.25242043,32.83090973,35.2658,37.70074844,36.82004166,39.18844986,37.13172913,35.63420105,37.00128174,36.85926056,37.97132874,39.82551956,40.99734116,43.81486893,43.35068893,43.90333939,39.58824921,39.8255,40.0627,40.2999,40.5371,40.77428055,45.20895004,51.65385818,52.76456833,51.8743,50.9840889,,,,,,,,,,,,,,,,,
Gambia,,14.71846008,14.7673,14.81620026,16.51976013,15.81338024,16.32052994,17.50498962,16.85489082,18.43228912,20.09781075,20.98768997,22.2335,23.47937012,25.26836014,26.1632309,24.83880997,23.17910957,22.55187035,23.46890068,23.3253994,23.96426964,23.99239922,27.15336037,26.8452301,29.81856918,27.70635986,30.4014,33.0964,35.7914,38.4864,41.1814,43.8764,46.5714,49.2664,51.9615,54.6565,57.3515,60.04648972,60.18836975,58.93534088,,,,,,
Georgia,,,,,,,,,,,,123.3159714,122.8594,122.4028,121.9463,121.4897,121.0331268,115.9882,110.9433,105.8983,100.8534,95.80848694,91.52372742,82.08117676,81.01687622,80.52855682,80.08651733,80.96559906,80.3971,79.82861328,79.49221039,79.89286041,81.3338089,83.07286835,79.30789185,82.9779129,83.69329071,88.2372,92.78109741,93.8324,94.8838,95.9351,96.9865,98.0378418,99.27192688,103.563942,
Germany,,,,,,,,,,,,,,,,,,,,,,,102.1828079,107.5231171,107.2173233,106.3216095,105.7134476,105.219017,99.98314667,99.94024658,100.4717026,101.2533264,102.4095001,103.0903625,103.5526733,103.8289337,104.7724609,103.9375229,105.095192,106.0780487,106.6160889,106.2645035,105.6578827,105.1285934,105.1990738,105.5548706,
Ghana,,52.12854004,49.9846,47.84064102,45.18457031,43.61473083,43.93473053,44.59629059,44.43450928,45.15533829,46.91194916,48.33623886,46.71485138,47.88891983,47.81111908,45.80426025,44.8322,43.86019135,47.06801987,42.19343185,43.06240082,42.7538,42.4451,42.1365,41.8279,41.51922989,40.9274,40.3355,39.7436,39.15177917,39.14532852,36.83771133,38.25067902,39.65335846,42.80664825,44.85427856,46.11206055,49.49309158,51.40995026,53.04973984,56.5513,60.05292892,61.41918182,63.89392853,59.74739075,62.99290848,63.09915161
Greece,,70.15727234,75.70452881,78.32652283,81.36073303,83.38273621,86.37861633,87.77337646,87.30355835,85.92324829,86.97570038,85.36092377,87.27822876,82.22899628,86.21822357,88.56221771,91.89694977,96.2893219,97.64563751,98.01734924,95.84475708,95.26364136,95.96678925,90.97931671,93.85434723,90.94798279,90.66065979,89.95858002,89.70294189,88.83043671,86.93419647,91.03614807,96.85746765,94.62695313,95.54866791,101.7455978,101.7993164,100.6149979,103.1764,105.7377,108.2990875,105.3408508,107.4342499,110.367569,109.4783478,,
Grenada,,32.51543045,34.24504852,40.6557,47.0664,53.477,59.8877,66.29833984,69.63391113,70.74291229,70,59.85914993,59.00067139,61.35565186,77.19268799,74.32343292,73.52893066,77.36073303,83.27483368,79.61714172,86.35492706,92.57154083,93.02613068,94.49890137,95.1856,95.8723,96.559,97.2457,97.9324,98.6191,99.3059,99.9926,100.6792679,112.4666519,99.75936127,96.85710144,104.6363,112.4155426,115.3724518,100.7259521,106.2418671,104.8675,103.4932,102.1188126,101.176712,99.375,
Guatemala,11.96074009,9.577549934,10.46271038,10.53787041,12.22054958,12.95699024,14.18045998,14.60416031,20.00264931,20.38479042,20.1193409,20.4623394,19.49636078,19.55282021,20.1639,20.7751,21.3862,21.9973,22.6084,23.2195,23.8306,24.4417,25.0529,25.66397095,25.8677,26.0715,26.27519035,28.7991,31.32299995,34.41360092,38.33903885,41.16025925,45.24353027,47.3815,49.51942825,51.87657928,53.92153931,55.86066055,56.5628891,58.83583832,65.22173309,66.13825226,66.35178375,66.4796524,65.50940704,67.8635025,
Guinea,,18.24424934,19.0732,19.9022,20.7311,21.5601,22.3891,23.218,24.047,24.876,25.7049408,25.33992958,23.97154045,24.15350914,24.18964958,24.75741005,22.18571091,19.42810059,18.783,18.13780022,16.82657051,17.48864937,18.296,19.10330963,19.54347992,19.6337,19.72401047,19.7199,19.7157,19.7115593,22.6752,25.63883018,29.08389091,30.60479927,33.7639389,38.87997818,42.81003952,42.9524,43.09474182,44.0772,45.0597,46.0422287,46.2915,46.5408,46.79014969,,
"Guinea Bissau",,6.908510208,6.946119785,6.1439,5.3416,4.5393,3.737080097,6.018089771,7.436600208,8.648440361,8.388310432,8.886919975,11.86983967,15.15641022,17.15464973,15.7858696,12.7879,9.789970398,8.00922966,8.273300171,9.5466,10.8199,12.0933,13.3666,14.6399,15.9132,17.1866,18.4599,19.7332,21.0065,22.27985954,,,,,,,,,,,,,,,,
Guyana,,65.84532928,70.87802124,72.75296021,71.15749359,72.0142,72.8710022,72.5622,72.2534,71.9447,71.6359,71.3271,71.0183,70.7096,70.40077209,73.80542755,77.49926758,79.39205933,79.6794,79.9667,80.254,80.5414,80.8287,81.116,81.4033,81.6907,81.978,82.2653,82.5527,82.83998108,90.3175,97.79508209,98.1741,98.5531,98.9321,99.31105804,96.7186,94.126091,89.17977905,90.20056152,88.65286255,92.6364975,89.69360352,,,,
Honduras,13.57349014,15.1147,16.6559,18.1971,19.7383,21.2795,22.8207,24.3619,25.9031,27.4443,28.98550034,29.4555,29.92544937,31.55533981,31.03010941,30.823,30.6159,30.4087,30.2016,29.9945,29.7874,29.58024025,31.2616,32.943,34.6244,36.3058,37.9872,39.6686,41.35,43.0314,44.7128,46.3942,48.0756,49.757,51.4384,53.1198,54.8012085,56.65602875,56.74126816,61.1079,65.47451019,66.1762085,65.74781036,64.16976929,63.18817902,64.75765228,
"Hong Kong",,39.71575165,41.29909897,42.92473984,44.93215179,48.45943069,50.46310043,51.97369003,53.73226166,55.97048187,57.5951004,59.83454132,62.35712051,64.71022034,67.21543884,70.38317871,71.46520233,72.92381287,73.87754822,74.4099,74.9423,75.4747,76.0071,76.5395,77.0719,77.6043,78.13672638,78.0367,77.9366,77.8366,77.7366,77.63651276,77.89170837,77.98642731,79.37415314,80.49069977,80.95079041,83.17292786,84.98020935,86.41892242,88.40276337,87.51986694,107.636673,102.4842377,102.5349579,102.7660599,
Hungary,,78.41719818,76.22885895,74.9761734,74.76731873,75.56282806,77.13324738,78.89096832,81.28058624,84.24822998,86.29576874,87.46681213,87.78307343,87.22913361,86.31279755,86.66403198,88.43795776,88.73993683,89.02065277,88.20909882,87.10507202,85.04093933,83.11585999,85.1229,87.13001251,87.58081818,89.8862381,93.3243866,90.35694885,93.25650787,95.81745911,98.16030884,99.82424164,102.2176666,96.40364838,96.66616058,96.35540771,96.39723969,97.4016037,98.52359772,100.7152328,101.8149796,102.8779373,108.0775833,106.8680725,105.1088409,
Iceland,,87.23847961,87.0029,86.7674,86.5319,86.29634094,87.88755035,88.13121796,85.928,83.7249,81.52166748,89.51383972,90.5037,91.49350739,93.59352875,95.2467,96.89988708,97.0996,97.29927063,99.17289734,100.2606,101.3483963,102.9840775,103.4542389,103.5566483,104.3257675,104.8471909,107.9593,111.0714035,106.180809,104.0577774,104.6130676,108.770668,111.5392075,106.6033478,107.9833832,107.9045181,105.9008713,107.1450272,106.1880417,108.2769394,108.1447067,111.5523224,116.2703476,,,
India,,33.22198105,33.71825027,34.16468811,34.383,34.60129166,34.73738098,35.3503685,35.69348907,37.0518,38.41004181,39.97975159,42.07854843,43.17604828,46.01404953,47.054,48.09386826,47.45246124,47.19923019,47.02033997,49.1616,51.3028,53.444,55.58525085,55.45386124,55.11817169,54.86207962,54.87720108,52.6946,50.51202011,52.43920898,52.56478882,53.96052933,54.9967308,56.83409119,59.16189957,59.75497055,61.5116806,64.00556946,62.07674026,65.49198151,68.23034668,70.7766037,68.59767914,73.81169891,73.537323,
Indonesia,23.7283802,23.30905914,23.69095993,24.00803947,24.44348907,25.65616035,26.48975945,27.31501961,28.83514023,30.3892,31.9433,33.49736023,35.88468933,39.09460068,39.42068863,43.2069,46.993,50.7792,54.56539917,53.91178894,50.59394073,48.93302155,48.02376938,48.15325928,48.37046814,51.2051506,54.00843811,54.5716,55.1348,55.6979599,55.97465897,56.06393814,57.53908157,60.56195831,62.12604904,60.44018936,62.3431282,70.3543396,70.01268005,74.9838028,76.30130768,79.00694275,79.35391235,83.70909882,82.76056671,85.68430328,
Iran,,33.72734833,43.93817139,46.55612946,49.76570129,54.22787857,57.75645065,60.39471054,59.3307,58.2667,57.2026,56.1386,55.0746,54.0106,52.9465,51.88249969,53.7535,55.6246,57.49560928,59.7335,61.97146988,62.61159897,66.58953857,71.36203003,75.69377899,77.17675018,77.8033,78.42987061,79.7305,81.03115082,81.12471008,80.26142883,79.92492676,79.18901062,77.85767365,77.24923706,78.53302002,77.13092041,81.78127289,83.79154968,82.73754883,85.71827698,88.43334961,87.16853333,88.8682785,89.41208649,
Iraq,,32.75521851,34.10359955,38.13661957,41.34693909,47.91864014,50.07476044,52.73028183,60.08834839,66.90177917,71.82077789,70.36599731,71.24825287,63.86339188,61.4010582,62.23830032,63.97782135,61.14575958,58.25786972,56.57973862,54.9065,53.2333,51.5601,49.88684845,48.9614,48.0359,47.11048889,45.423,43.7354,42.04790115,45.89725113,46.25986862,47.5219,48.7840004,56.49971008,57.9672,59.4346,60.90209961,,,,,,,,,
Ireland,,70.5739975,73.35250092,76.63639832,79.32626343,81.31723785,82.79019165,83.58888245,83.84970093,84.12355804,84.81477356,87.68995667,91.41545868,93.69553375,94.67205048,94.89164734,93.60040283,92.81726837,91.78019714,90.46360016,90.12699127,91.40667725,94.14015961,104.5963898,105.9946976,106.0969009,104.9178772,105.9490738,97.73017883,96.95059967,95.64565277,94.79837799,96.59674072,99.72457886,103.4621735,104.6462784,106.4141922,108.9380722,111.4145737,115.8135223,120.8342285,120.4531403,124.7995834,125.3025,125.8053513,125.6422806,
Israel,,,,73.39198303,73.53362274,73.13008881,73.08439636,74.07968903,75.79521179,76.65081024,78.06001282,80.3392,82.6183,84.89745331,86.10180664,87.30831146,85.60588074,86.03674316,86.54219818,86.88820648,86.11338043,88.03243256,89.88272095,88.98889923,88.61065674,91.0205,93.4303,95.8402,98.25,100.6598129,102.9683075,104.2617416,106.7507477,106.5856323,104.6962509,105.0391083,105.0971375,104.0965424,102.0495071,100.9334564,100.8703384,100.7015381,100.0700607,100.5631866,101.1054001,101.9808273,
Italy,,65.21903229,67.43511963,69.6166687,71.05142212,71.35205841,74.07852936,75.28038788,75.52626801,74.88683319,74.04460144,73.40287018,72.86170959,73.22393036,73.6294632,74.30007172,75.38007355,76.56672668,77.78354645,78.92035675,80.1867218,81.23209381,82.47518921,83.67706299,87.7456665,88.95661163,89.64607239,90.28620148,90.59192657,91.90097809,94.21009827,96.42797089,98.9223175,99.40576172,98.31031799,98.61567688,99.42202759,100.1319275,100.9018173,101.208168,102.8977966,103.607193,102.6426468,103.3618927,103.731987,104.05336,
Jamaica,,,,49.76155853,44.82849121,50.71971893,53.29965973,56.56607819,58.4947,60.4233284,63.91146851,61.90975952,60.6179,59.32595825,57.76753998,58.63339996,55.92539978,58.20915985,62.10615158,60.86246872,63.9955,67.12853241,65.7559,64.38329315,68.1688,71.9544,75.7399,79.5255,83.3111,87.09660339,85.37277985,84.59562683,84.14614868,83.99877167,88.91497803,87.89674377,89.1143,90.3319397,91.67563629,94.24806213,89.2279129,89.06104279,84.6779,80.29485321,79.87458801,79.23699188,
Japan,,86.76358032,87.91507721,89.58950043,91.06073761,91.73413086,92.17539978,92.85025787,93.11118317,92.92437744,91.60894775,92.97921753,93.88588715,93.99848175,93.51441193,93.97644806,94.82943726,94.56954956,94.42417908,94.41314697,94.52168274,96.93350983,97.64167786,97.19004822,100.2902374,100.1276321,100.1995,100.2715,100.3433609,100.5671692,101.2703781,102.0327835,102.2687912,101.6762009,101.0715179,100.8955688,100.879631,100.3245468,100.5835876,100.8063278,101.5270004,101.6197891,101.6243896,101.720787,101.5897675,,
Jordan,,58.61312103,56.62020111,58.94313049,62.37398911,67.10178375,73.12547302,77.0643692,80.85494995,81.80441284,81.0230484,81.35134888,80.54810333,80.16551971,79.33831787,79.83674622,75.57128906,74.54176331,73.83680725,73.7950592,75.29255676,77.50891876,78.28912354,78.03883362,79.40718079,81.0627,82.71826935,83.1257,83.5332,83.94068909,84.0699234,86.0683,88.06667328,89.22991943,89.50067902,89.69689178,90.91259003,91.3037262,92.03179169,89.0652,86.09851837,84.18463898,82.26657104,80.8466568,80.18608093,,
Kazakhstan,,,,,,,,,,,,,,,,,,,,,,,,93.5619812,91.8641,90.1662,88.4684,86.77047729,87.88493347,93.12506866,91.45398712,92.7982,94.1425,95.4867,96.831,98.1752,99.5194931,99.0074,98.4954,97.9833,97.47122955,98.75092316,100.8108215,100.9008789,104.190033,107.2982407,110.6245117
Kenya,22.95833969,23.59732056,24.4330101,24.85589027,26.1053791,27.24002075,28.8496,30.4592,32.0688,33.6784,35.28794861,34.15927124,34.21709061,35.56541061,36.57440186,45.31151962,43.82027817,45.92530823,44.98365021,44.4755,43.9674,43.4593,42.9512,42.4431,41.935,41.4269,40.9188,40.4107,39.9026,39.39448166,40.29975128,41.63267899,41.92630005,42.62738037,48.80448151,49.01379013,51.80025864,56.18014145,61.99552917,63.4668808,,,,,,,
Kiribati,13.74355984,14.68494987,14.82050991,14.89785957,15.11262035,16.25824928,16.981,17.70379066,20.3657093,24.79490089,30.12021065,22.29545021,21.7528801,21.63009071,24.18708038,24.56887054,27.00324059,30.45355988,32.35943985,39.00394058,37.39678955,34.4778595,37.10892868,36.6694,36.2299,35.79034042,39.99201965,42.701,45.4099884,52.78358078,56.50059128,71.29914093,76.55957794,81.07494354,81.49806213,83.13613892,80.50492859,81.10797882,82.93470001,,,,,,,,
"North Korea",,,,,,,,,,,,,,,,,,,,,,,,,,,,,,,,,,,,,,,,102.0653229,100.538,99.0106,97.4832,95.9559,94.4285,92.90116882,
"South Korea",,48.01657104,51.46577072,54.8228302,58.96751022,62.91989136,67.2610321,71.47064972,74.7400589,78.34867096,82.63800812,86.40545654,86.79103088,88.36958313,91.90593719,93.09185028,94.04340363,94.80841827,94.56864166,94.81195068,94.73265076,93.75704956,93.45063019,95.54257202,99.92825317,101.1468277,103.1457214,101.8340073,99.90390778,99.28672791,98.54685211,94.94747925,91.77529144,90.12792969,90.89295959,94.10904694,98.30713654,100.2605972,99.83339691,98.88646698,96.55043793,96.39430237,96.80602264,98.25933838,98.90847778,99.34819794,
Kuwait,,69.32520294,66.94487762,64.4570694,62.54141998,62.34254074,63.89498901,74.4640274,77.66905975,80.06417847,82.50045013,85.33799744,87.15566254,88.99636078,90.43447113,91.36990356,92.02281952,87.95185852,85.56394196,83.33844757,81.40885162,66.6156,51.82226181,61.45072174,73.6578064,88.84877014,105.2365494,103.2144775,100.8527374,99.9673996,96.84248352,94.72342682,96.0562,97.38887787,99.43624115,103.4445801,101.4873886,101.8833694,97.55838776,96.6469574,96.46605682,95.94245148,89.84033203,89.15840149,88.86593628,88.21128845,
Kyrgyzstan,,,,,,,,,,,,111.7393799,111.5416,111.3437,111.1459,110.9481,110.7502823,109.2031,107.656,106.1088715,102.5223389,98.85392761,97.29766083,95.1895,93.0814,90.9732,88.8651,86.7569,84.6488,82.54064941,83.18727112,85.39102936,84.443573,89.24299622,87.77896881,86.21105957,85.98069763,85.5981369,84.7432,83.88832092,86.70514679,86.26635742,87.42276764,87.93131256,90.40028381,91.36804962,
Laos,,5.410999775,6.01872015,6.417079926,8.6694,10.9218,13.1742,15.42654991,19.45561028,22.46310997,22.54586029,23.83296967,24.0062,24.1794,24.3527,24.5259,24.69916916,26.3266,27.95397949,27.7251,27.49626923,25.9416,24.38689995,26.92733002,28.94426918,29.49972916,29.71516991,32.00151825,34.35771942,37.84218979,40.12216949,41.99700165,44.86125946,47.66947174,49.41159058,49.61539078,48.09254074,48.20462036,48.40119171,49.23546982,50.38993835,48.55841064,51.1384697,54.77386856,59.82027054,64.05619049,
Latvia,,,,,,,,,,,,,,,,,,,,,,91.65833282,88.54812622,87.80638123,86.22685242,85.83152008,83.80265808,82.47136688,85.3653717,86.72234344,89.87802124,92.69254303,95.93872833,98.0658493,101.3374023,103.900322,103.8882523,104.4567337,104.3021088,97.54820251,99.19332886,100.3069687,100.2053833,112.2685013,116.6301422,119.8650513,
Lebanon,,50.05176926,48.8254,47.59912109,49.9077,52.2164,54.525,56.8336,59.1422,61.4508,63.7594,66.0681,68.37667084,67.8978,67.4189,66.93997192,66.7422,66.5445,66.3468,66.149,65.9513,65.7536,65.55583954,66.2415,66.92717743,69.42562866,72.72001648,75.07788086,84.42118073,84.96095276,87.62983704,83.84452057,85.69722748,85.98622131,83.62789154,80.17459106,77.45503998,75.71936035,75.63719177,76.87503815,74.48739624,75.82230377,70.71154785,68.01611328,61.5057106,61.46405029,
Lesotho,9.232520103,6.636060238,7.298150063,10.32194042,10.6469,10.97194958,11.28417015,11.44365978,11.39850044,12.61495972,13.21442032,14.31017017,14.94034958,16.05886078,16.88810921,17.44116974,17.73600006,18.75877953,19.45027924,19.9727993,19.83147049,19.71855927,20.6083107,21.48951912,23.2722702,24.1441,25.01586914,26.30863953,25.37985992,27.10671997,27.5221405,29.71932983,30.51548004,31.09774971,33.0730896,34.45306015,34.62591934,35.63140869,36.90927887,38.90333176,41.70050812,43.2224617,44.50059891,43.87002945,44.08929062,45.66707993,
Liberia,14.68142986,16.02960014,18.69071007,20.7955,22.9003,25.00511932,22.33839989,26.2927,30.24707031,33.25339127,32.73743057,33.0223,33.3071,33.5919,33.8767,34.1616,34.4464,34.7312,35.016,35.3009,35.5857,35.8705,36.1554,36.4402,36.725,37.0098,37.2947,37.5795,37.8643,38.1491394,40.7229805,41.5244,42.3257,43.1271,43.9285,44.7299,45.5313,46.3327,47.134,47.9354,48.7368,49.53818893,47.1843,44.8305,42.47663879,41.90906906,
Libya,,34.31108093,37.07912064,43.7480011,52.49061966,57.92927933,67.28507233,73.58029938,75.19877625,79.35289764,81.24263,80.01878357,79.6966,79.37447357,78.5281,77.6817,76.83524323,78.5884,80.3415,82.0946,83.8478,85.6009,87.354,89.1072,90.8603,92.6134,94.3665,96.1197,97.8728,99.6259,101.3791,103.1322,104.8853302,101.6646576,94.2001,86.73548889,93.55328369,,,,,,,,,,
Liechtenstein,,,,,,,,,,,,,,,,,,,,,,,,,,,,,,,,,,119.7192535,117.189537,115.6204,114.0512085,112.8373871,114.7019882,113.5171509,117.6353989,122.123291,119.4822922,123.6661,127.8498306,130.7262573,
Lithuania,,,,,,,,,,,,,,,,,,,,,,,,85.30197144,83.7266,82.15128326,86.07000732,88.96613312,91.68405151,95.16654205,98.53170013,101.4076691,105.6446304,108.5424576,105.2204971,104.6204834,102.7271118,101.8944016,101.141922,100.5676422,101.8909836,102.3610687,103.2885513,107.5631332,108.9037704,110.339119,
Luxembourg,,48.91899872,48.70000839,48.93468094,48.50508881,58.51821136,60.2761116,61.06713104,63.30673981,62.98794174,62.63251877,80.73554993,75.36820221,77.73710632,78.92931366,77.9428,76.95622253,76.50858307,70.24437714,69.7033,69.1623,68.6212,68.08016205,70.48548889,74.00650787,82.49144745,86.41797638,87.32350922,88.4601593,95.33332825,94.36151123,94.18643951,93.33001709,93.63686371,93.19149017,92.90218353,94.1763382,95.20545197,96.31950378,98.1039,99.88834381,99.50714111,98.54305267,101.1341095,101.1131897,,
Macau,,22.53083992,18.91543961,17.41741943,20.20317078,22.5829,24.9625,27.3422,29.7219,32.1016,34.4813,36.861,39.2407,41.6204,44.0001,46.3797,48.7594,51.1391,53.5188,55.8985,58.27819061,61.3919,64.50559998,66.99021912,68.7292,70.4682,72.2072,73.9462,75.6852,77.42418671,81.33648682,84.01438904,88.8572998,93.90953064,101.0741577,103.7788315,106.0152435,102.7401505,94.19567108,91.93801117,94.23889923,97.61650848,96.96174622,96.69008636,97.02194214,97.009552,
"Macedonia (F.Y.R.O.M.)",,,,,,,,,,,,,,,,,,,,,,,,75.95146179,76.32183075,77.63292694,78.90093231,79.75803375,81.29522705,82.48986816,84.25338745,84.79543304,84.30744171,85.29004669,85.54123688,86.05921173,86.1396,86.220047,85.78838348,84.58438873,84.60011292,83.7409,82.88173676,80.98684692,80.00502777,80.30433655,
Madagascar,,13.43696022,12.94417,13.0052,13.06618023,13.7241,14.3821,15.0401,15.698,16.356,17.0139,17.6719,18.3299,18.9878,19.6458,20.3038,20.9617,21.6197,22.27763939,19.38139915,18.79258919,18.9802,19.1677,19.3553,19.5429,19.7304,19.918,20.1056,20.2932,20.4807,20.6683,20.8559,21.0434,21.231,21.4186,21.60614967,24.51997948,27.14797974,29.90370941,31.34071922,34.4405,37.54027939,38.9285202,38.8689,38.80921173,,
Malawi,,,13.60474014,15.24458027,15.7087,16.17285919,16.73461914,18.28092003,19.35710907,19.32294083,21.48773956,22.50901985,23.3619709,22.98093987,23.34996033,22.54022026,21.94475937,21.94548035,20.96713066,20.24558067,20.41492081,20.61717987,21.6174,22.61768913,19.50579071,28.23752975,29.51485062,33.8537,38.1926,42.53141022,34.73207855,35.14091873,33.90539169,32.2356,30.56579971,30.28569984,31.87597084,31.70111084,34.01168823,34.18045044,34.88454819,35.96382141,36.52088928,39.6403389,41.43790817,45.76490021,
Malaysia,40.12118912,42.06446838,43.03720856,45.2378,47.43844986,47.5685,47.6985,47.8286,47.9586,48.08866119,47.19488907,48.54240036,48.18141937,51.19337845,53.04875183,53.5364418,56.89279938,58.16860962,56.51445007,55.48508835,52.87553024,53.96987152,54.35198975,53.18106079,53.01874924,52.80543137,53.9846,55.16368866,64.15518951,63.86909103,63.37601089,63.17778015,63.12482834,66.96608734,67.8710022,65.49992371,65.21466827,63.78699112,63.64723969,63.20450974,64.53852844,63.801651,67.8147583,67.42498016,75.01143646,74.64253998,
Maldives,2.517549992,2.213979959,4.2819,6.3499,8.4178,10.4858,12.5537,14.6217,16.6896,18.7576,20.8255,22.8935,24.9614,27.0294,29.0973,31.1653,33.2332,35.3012,37.3691,39.4371,41.505,43.573,45.6409,47.7089,49.77682877,51.62176132,55.06333923,62.92922974,33.35166931,38.51613998,49.37984085,59.44707108,58.14200974,66.10671234,65.78835297,,,,,,,,,,,,
Mali,,6.886350155,6.863200188,7.552959919,8.00728035,8.9352,9.863140106,10.9647,12.06634045,12.9901104,12.75660038,9.977250099,11.71555996,10.68301964,10.68537998,9.9375,9.1897,8.441820145,8.723110199,9.132980347,8.972709656,9.434570313,11.19890976,10.97955036,12.61627007,14.13162041,14.5908699,16.10482025,17.3530407,19.30768013,21.94588089,23.9704,25.9949,28.0194397,29.43067932,31.24651909,33.4887886,35.66281891,39.95664978,43.15058136,45.35559845,47.27925873,46.5299,45.78057098,49.39196014,45.57532883,
Malta,,55.45819092,69.48339844,69.24237823,71.78182983,79.44947052,79.87390137,76.60578156,74.75151825,73.51130676,75.92630005,73.97672272,80.6318512,83.64704895,86.28231049,81.59207153,78.88144684,77.11360931,77.92482758,81.07779694,83.95263672,84.53778839,88.63307953,88.54673767,89.80404663,89.27456665,84.70482635,87.61823273,88.64135742,90.66300964,90.72569275,92.73639679,91.93209076,93.68338013,107.9842072,104.533493,99.64967346,102.3705826,101.754303,105.7229,109.6914902,93.2376709,92.66161346,92.22535706,92.17796326,91.70259094,
"Marshall Islands",,,,,,,,,,,,,,,,,,,,,,,,,,,,,,65.72383118,67.7181,69.7123,71.7065506,68.68395996,76.01657867,75.62552643,83.75229645,93.27185822,97.73654938,101.4357834,96.714,91.9922,87.2704,82.5486,77.8267,73.10494232,
Mauritania,,,,,,,,,,,,15.96098042,16.7705,17.5799,18.3894,19.1989,20.0084,20.81788063,20.78570938,19.99037933,18.33921051,17.66181946,17.74562073,18.74090004,18.8187294,19.41093063,20.69650078,20.16363907,19.04944038,20.21899033,20.71204948,23.04228973,22.90391922,23.33316994,23.54603958,23.67244911,25.03885078,22.499,19.9591198,21.8453598,21.8954792,24.20092964,28.79165077,30.30121994,31.24729919,31.7005806,
Mauritius,,36.61862946,39.64434052,40.25143814,41.00337982,40.8617897,42.84402847,49.39942169,50.41498184,52.30978012,50.95225143,49.78902817,48.88941956,49.30997086,48.28379059,46.63380814,46.12110138,47.36325836,48.59643936,51.85808945,52.34537888,54.5153,56.6853,58.8552,61.0251,63.1951,65.36502838,68.5175,71.67005157,75.57726288,78.07488251,79.68018341,81.11328888,85.02400208,86.71298981,89.67086792,86.21916962,87.1169281,86.59723663,86.99697113,87.2495575,88.32907104,89.62407684,92.91754913,96.92430115,93.55690002,
Mexico,,25.87251091,26.8110199,30.0633,33.31565094,36.31225967,41.32826996,41.51659012,42.37691879,46.56399155,49.33226013,51.16957855,55.39068985,57.37979889,58.08255005,58.00283051,56.94654846,56.02774811,55.18983078,54.2543602,52.94998169,51.88177872,52.876091,53.1246109,54.43503952,56.63111877,59.40859985,62.02624893,65.35070801,66.96192169,68.93225098,69.92131805,71.49054718,73.87036133,75.3811264,75.96871948,77.3848114,78.22129822,79.49298859,78.7618103,79.68778992,80.31128693,82.02438354,84.29541779,87.72532654,,
Micronesia,,,160.1980591,167.3271484,173.4899292,172.0157,170.5415344,167.8186646,164.5721,161.3256,158.0791,154.8325,151.586,148.3395,145.0929,141.8464,138.5998,135.3533,132.1068,128.8602,125.6137,122.3672,119.1206,115.8741,112.6276,109.381,106.1345,102.888,99.6414,96.3949,93.1484,89.9018,86.6553,83.4088,80.16221619,80.08808899,,,,,,,,,,,
Moldova,,,,,,,,,,,,,,,,,,,,,89.95848083,86.6204834,83.26661682,80.32158661,79.80239868,80.13832855,79.03849792,78.57723236,81.1524,83.72756958,80.69789886,80.50301361,82.25260925,83.59416962,84.8843689,86.23787689,87.41175079,87.19238281,86.96537781,87.54303741,86.97663116,86.81078339,87.46360016,87.7818985,86.78095245,85.7711792,
Mongolia,,,,,73.04062653,74.50337219,74.4940567,75.6746,76.8551,78.03556061,80.94937897,80.8808,80.8123,80.74369049,80.7174,80.691,80.6647,80.6384,80.612,80.5857,80.5593,80.53301239,70.2967,60.06045914,57.4615593,53.74515152,54.69916916,51.85935974,53.04148102,53.83287811,58.21340179,64.68395233,69.45436096,77.19783783,82.99841309,85.61170959,85.60604858,88.4599,91.3137,94.16755676,88.40377808,88.8233,89.2429,89.6624,90.082,90.50150299,
Montenegro,,,,,,,,,,,,,,,,,,,,,,,,,,,,,,,,,,92.43502045,92.73310852,93.23905182,94.42455292,96.02590179,90.26483917,98.0931015,100.0727692,92.36019897,90.99906921,90.7896,90.5801,90.37062836,
Morocco,,15.96555042,15.85892963,16.1015,16.34403038,17.46743965,19.67494965,20.59750938,22.0148201,23.8243103,25.3906002,27.20916939,29.66577911,31.6799202,33.71659851,36.13766861,39.79259872,42.2011795,44.68132019,44.23123169,43.17765045,40.99040985,42.00894928,42.38442993,43.52944946,43.42457962,43.3451004,43.1476593,41.08749008,41.10707092,42.6735611,44.44593048,46.90850067,48.9355011,52.24282837,53.7312088,56.29610825,59.31636047,61.67845917,64.69078064,66.9299469,70.48294067,74.36490631,,,,
Mozambique,,,,4.289030075,4.1168,3.9446,3.7724,3.600130081,4.494190216,6.046870232,8.013770103,7.63383007,10.61773014,11.45252037,10.731,10.00957012,9.898320198,7.638519764,8.1012,8.5639,9.026579857,9.041959763,8.464839935,8.438500404,8.619560242,9.114330292,8.4341,7.7539,7.0737,6.393499851,7.501949787,8.398070335,10.23882961,11.4669,12.6949501,15.50428963,17.78488922,20.60309029,22.70030022,25.02635956,26.63459015,26.70402908,25.84176064,34.36577988,33.64710999,33.78702164,
"Burma (Myanmar)",,25.17841911,25.60984993,25.2564,24.903,24.5496,24.19621086,22.65464973,21.78528023,22.1781,22.571,22.9638,23.3567,23.7495,24.1424,24.5352,24.92804909,25.60314941,25.14682961,25.94465065,20.05703926,21.78318024,23.25985909,23.34654999,24.46648026,26.1433,27.8201,29.4969,31.1737,32.85046005,35.48070145,38.59643936,40.72481155,41.44451904,44.91685867,45.02220917,46.84257889,46.2759285,46.9293,47.58269119,46.97153854,47.89,48.8085,49.727,50.64545822,,
Namibia,,,,,,,,,,,,,,,,,,,,,33.66429138,38.7530899,43.38829041,46.75522995,50.71564102,51.06301117,50.80810165,52.23833847,51.70312119,54.30170059,56.83398819,60.56631088,60.65744019,60.26625824,60.01557159,59.7867012,59.25127029,60.09502029,,,,,,,,,
Nauru,,,,,,,,,,,,,,,,,,,,,,,,,,,,,,,43.32854843,45.30154037,38.9458313,46.78363037,35.58824158,44.44443893,58.71833038,49.48300934,57.5581398,63.401,69.2438,75.0867,80.92948914,81.4022,81.875,,
Nepal,,,18.05924988,20.70902061,20.89340973,22.33147049,19.67100906,22.56393051,26.49352074,30.85951042,34.02801132,29.41152954,33.53028107,36.38439178,38.03348923,40.49573135,42.03350067,43.46039963,43.87628937,45.59259033,46.34957886,48.11122131,50.21593094,50.89715958,50.17465973,51.37734985,54.13441086,49.8696,45.6049,41.34009933,42.95050812,46.72245026,51.90386963,52.51910019,53.2119,53.90478897,49.99761963,49.06985855,55.23876953,56.67177963,60.31148148,61.69134903,63.84189987,64.48957062,64.92173767,64.86051941,67.11820221
Netherlands,,81.56311035,84.05809021,85.72563934,88.20249176,89.67897034,92.83640289,94.50418854,94.84342957,93.75203705,93.85341644,93.57657623,94.81488037,97.37190247,100.856842,101.2583084,117.8752899,119.8690567,120.7224121,120.8566513,122.913147,124.5365829,125.7590179,126.8082809,146.3284454,144.295105,142.2024384,134.2846985,130.9786987,127.083992,126.6141434,126.4586563,123.9377518,123.0707703,120.1994781,120.458107,120.5394516,121.7446899,122.7551727,122.8191223,124.0350113,129.9759674,131.4336548,132.5184,133.6031,134.6877899,
"New Zealand",77.44423676,78.18891907,78.89488983,79.00871277,79.01072693,80.4047699,82.06594086,81.48377991,81.0676,80.65151978,80.37877655,80.94036102,81.22927094,83.98876953,84.01602173,82.82849121,83.4066925,83.88568878,85.56976318,86.6446228,88.49719238,91.66674805,94.64853668,101.9385834,108.1899338,114.336647,112.7632599,112.062149,109.2814102,108.3938828,107.5562897,108.8324,110.1085281,113.209259,113.3928223,116.9428024,115.7302017,117.606041,114.0816803,122.5763702,116.3492813,116.2993088,115.5633774,113.8106613,114.1710663,113.4263077,
Nicaragua,17.62657928,18.42955017,19.75810051,19.63376999,20.90657043,22.93188095,26.8966,30.86124992,29.5285,28.19573975,34.74679184,33.3737,32.00062943,35.20413971,28.71508026,19.48630905,22.01856995,24.74061012,24.69651985,25.35218048,27.3012,29.2503,31.1993,33.1484,35.0974,37.0465,38.9955,40.9446,42.89365005,47.16028976,48.56734848,51.13661957,55.31214905,57.9678,60.62343979,63.71192169,65.07331848,68.74533081,67.68540955,68.7583,69.83122253,,,,,,
Niger,,1.422989964,1.629150033,1.846529961,2.185559988,2.350729942,2.625159979,3.299659967,4.097599983,5.071000099,5.915860176,6.682020187,6.8863,7.0905,7.2948,7.4991,7.7033,7.9076,8.111849785,9.127510071,9.402449608,10.08584023,9.398530006,8.906849861,8.781,8.6551,8.5291996,8.776169777,8.695529938,8.95304966,8.779350281,8.596529961,8.658550262,9.309109688,11.26616955,12.20995045,13.91654015,13.51362038,14.05947971,14.81254005,16.17645073,17.46203995,18.65770912,20.01774025,22.0778904,24.24341011,
Nigeria,5.937610149,6.413099766,7.10352993,7.677499771,8.3027,8.9279,9.5531,10.17827034,11.61394024,14.26595974,18.35293961,22.29516029,26.75860023,35.07852173,42.08818054,36.7189,31.34952927,30.26540947,28.5559,26.84634972,27.58919907,27.2372,26.8852,26.5331,26.1811,25.8291,25.4771,25.125,24.773,24.42099953,26.40372086,29.11310005,33.14154053,35.7414,38.34135818,37.60266113,37.33684158,35.38581848,37.94348145,41.26499939,46.37533951,48.27455902,48.50357819,57.81819916,,,
Norway,,84.01158905,85.05056,90.94441223,89.66590118,88.77919769,87.94589233,88.41127777,88.46658325,90.47895813,92.18805695,91.51734924,91.57035828,94.38221741,93.22702789,94.49198914,94.84403229,93.53227997,92.77520752,93.55461884,99.07853699,101.4404221,104.8644791,114.5049515,126.508049,118.8274994,118.7018967,119.7342224,117.4296265,117.9632721,114.7093124,112.6046829,111.3235626,112.4878311,113.9297485,113.3730698,114.2713318,114.3538971,113.9251938,112.9028015,114.0236282,113.5207672,111.4527969,114.7027512,114.458252,114.7490387,
Oman,,,,0.291660011,0.619499981,0.996159971,1.926319957,3.342560053,7.168429852,10.17747974,13.33018017,17.57041931,20.59925079,26.42410088,29.71569061,34.0623703,36.26025009,38.77394867,41.18397903,44.26240921,48.99816132,51.70973969,55.12873077,59.477211,64.29418182,67.193573,70.36154175,68.87149811,71.17479706,74.63890839,79.98613739,84.17048645,87.13806152,89.43881226,90.1989,90.95903778,90.15660858,93.35449219,98.66609192,107.12323,106.3096,105.4959717,99.02488708,93.97511292,97.48,100.9849167,
Pakistan,,26.12295914,25.70796013,25.83411026,26.05228996,26.97458076,26.83226013,26.66106987,26.49728012,23.73076057,24.51481056,24.52757072,24.70558929,26.20521927,27.32390976,28.34374046,28.08016968,28.4600296,28.73937035,29.69607925,30.65208054,33.82101059,37.35808182,37.2733,37.1886,37.1039,37.0192,36.9344,36.8497,36.765,36.6802,36.5955,36.5108,36.426,36.3413,36.2566,36.17182159,39.29996872,39.81399155,39.19416046,40.30503082,41.71500015,43.91392136,45.76142883,46.30624008,49.4521904,
Palau,,,,,,,,,,,,,,,,,,,,,,,,,,,,,,,,,,,97.66233826,99.4669,101.2715,103.0761,104.8807,106.6853,108.4899,110.2945,112.0991,113.9037399,110.5047684,103.3681,96.23149109
Panama,35.52050018,38.03995132,42.26977158,46.68645096,48.90105057,51.48205185,54.59384155,56.57994843,58.58189011,59.11989975,57.64685059,57.3143692,56.37681961,55.59883118,56.19784927,56.14889145,55.78728104,55.98833084,55.53987122,55.10736084,56.85289001,57.4254,57.9979,58.5705,59.143,59.7155,60.2881,60.8606,61.4331,62.00563049,62.77600861,64.61347198,66.04689026,65.836,65.62519836,65.94306946,65.39006042,65.93504333,66.56729126,67.61795807,69.24294281,68.35311127,83.63497162,73.22325134,72.90316772,,
"Papua New Guinea",10.68883038,11.4529,12.217,12.9811,13.74514008,15.89597988,16.20181084,15.86975002,15.6741,15.4785,15.2829,15.0873,14.8917,14.6961,14.50049973,14.053,13.60552025,14.36003017,14.18432999,13.83232975,12.84945965,13.10243034,13.19559002,14.44112015,15.22535992,14.24633026,17.0342,19.8221,22.61001968,24.2645,25.9189,27.5734,29.2278,30.8823,32.5368,34.1912,35.8457,37.5001,39.1546,40.809,42.4635,44.1179,45.7723999,,,,
Paraguay,15.5674696,15.61061954,16.66250038,17.42334938,18.1926,18.96186066,20.09008026,22.29858017,23.81550026,24.6732,25.5309,26.3886,27.2463,28.1041,28.9618,29.8195,30.67719078,30.33501053,30.52164078,29.49061012,30.47871017,30.33169937,33.1022,35.87268829,37.70840836,40.02444077,42.78421021,46.37995911,50.76134109,57.63352966,61.08504105,65.51004791,67.5894165,65.49205017,66.45613098,66.04058075,65.16149139,64.95652008,65.63291931,65.84149933,66.51538086,68.45210266,74.18739319,,,,
Peru,40.77674866,36.93292999,39.6594696,43.9006,48.14181137,26.78524017,23.87299919,54.15208054,59.80410004,60.39260864,62.50922012,61.5981102,61.26927948,62.74,64.2108,65.68154907,66.1721,66.6628,67.1534,67.644,68.1346,68.62515259,69.4579,70.2906,71.1234,71.95609283,75.7618,79.5674,83.37309265,85.01988983,87.73169708,90.5785675,91.68019867,83.7481308,85.3660965,86.28214264,88.38880157,90.71678162,90.93726349,93.68450165,94.50135803,95.04000092,94.20198822,98.07282257,95.73562622,95.71804047,
Philippines,,,,,,,,,,,,58.74036026,60.22914886,62.13491821,63.80110931,64.822052,62.17818832,65.14631653,66.65711975,69.7493515,70.67050934,70.7411,70.8117,70.8823,70.9529,71.0235,71.094,71.1646,71.23522949,70.94596863,71.049,71.15193176,75.21431732,77.16194153,78.98326111,78.30001068,76.8345108,77.37429047,78.57118225,81.02192688,81.8628,82.7036,83.5445,84.38536072,,,
Poland,,,72.06075287,72.35385132,73.13101196,73.9942,74.8574,75.7207,76.5839,77.4471,78.3103,79.1735,80.0367,80.9,81.7632,82.6264,83.4896,84.3528,85.216,86.07924652,87.19230652,87.09963989,87.22245026,95.82356262,96.63472748,93.78489685,93.67768097,97.00121307,97.24427795,98.80872345,99.90310669,101.3242188,103.7172928,106.1706924,95.70464325,98.88104248,98.73209381,98.38407898,97.63815308,97.05528259,97.21716309,97.50048065,98.0026474,110.5981522,110.028801,,
Portugal,,42.62348175,44.41870117,47.50846863,49.78118896,52.26660919,56.8991394,57.14178848,57.95811081,47.23337936,62.18463135,60.8348,59.4851,58.1353,56.7855,55.4357,54.08592987,54.073,54.05997086,57.0523,60.04455948,62.710289,75.391,88.07161713,96.20355988,99.60633087,101.8523407,101.9831,102.1139221,99.68657684,101.5476532,103.0234375,104.8690491,102.0246124,90.46488953,93.47637939,94.4952774,98.52590179,100.991951,103.9059296,105.5296326,105.8795776,109.0345383,120.6624298,117.7931595,120.9679565,
"Puerto Rico",,,,,,,,,,,,,,,,,,,,,,,,,,,,,,,,,,,,,,,,84.06645203,80.74104309,76.85730743,76.54985046,78.44439697,78.84304047,,
Qatar,,40.38042831,40.75083923,42.21883011,40.6719017,42.38780975,49.74562073,50.32421112,54.20452881,60.79692841,64.829422,70.22293854,72.78771973,78.45156097,80.51631927,85.27358246,88.85382843,68.56369019,69.96891785,69.56976318,71.32071686,74.55667877,74.14269257,83.91898346,89.35346222,93.90000153,94.4990921,89.8579,85.21666718,84.86508942,88.31668091,83.86865997,88.35942841,97.80371094,105.3809433,102.337738,93.36395264,75.42562103,78.86972046,84.81874084,99.19480133,92.5524,85.91,79.2677,72.62526703,81.96765137,
Romania,,72.31906128,72.55026245,75.2179184,76.26618958,77.7653,79.2644,80.7635,82.2625,83.7616,85.2607,86.7598,88.2589,89.758,91.2571,92.7562,94.2553,95.7544,97.2534,98.75253296,100.0430069,88.8710022,81.82585144,77.83545685,74.06049347,72.61875916,73.58499908,75.33651733,75.91648865,77.54773712,78.34636688,79.60484314,81.36242676,81.75354767,81.92207336,82.94793701,84.61126709,89.23893738,95.5184021,98.04073334,100.6549835,101.0759964,99.96916962,98.68746948,95.24165344,92.51561737,
Russia,,,,,,,,,,,,,,,,,,,,,,,,,89.69754028,89.9026,90.1076,90.3127,90.5177,90.7228,90.9278,91.1329,91.3379,91.54297638,85.58850861,83.36618805,83.3640976,83.80152893,84.24645233,85.64022064,89.2145,92.78868103,96.97724915,99.54415131,101.5874329,105.5376205,
Rwanda,,2.586159945,2.6922,2.7983,2.9043,3.0104,3.116460085,3.361779928,3.71310997,3.989550114,10.60671997,14.13679981,14.86709023,16.53265953,17.12029076,18.34049034,18.19051933,18.08872986,17.79328918,18.42054939,17.93294907,17.88294029,17.39109993,16.2683,15.1456,14.0228,12.9,11.7772,10.6545,9.531689644,11.28571033,11.18153954,11.79979038,13.65038013,15.23995972,16.88643074,18.96142006,21.92153931,24.07901001,28.25458908,32.91242981,35.74639893,37.0721283,38.71406174,37.33050156,35.17248154,
Samoa,53.16582108,55.0819,56.998,58.9141,60.8301,62.74621964,65.30931854,66.14128876,68.41625214,69.45545959,74.71395111,74.3124,73.9109,73.5094,73.1079,72.7064,72.3049,71.9034,71.5019,71.1004,70.6988,70.2973,69.8958,69.4943,69.09279633,71.7811203,71.41533661,105.4419785,73.0395813,74.99658966,73.64998627,75.68627167,77.15286255,78.60787964,78.76248932,78.22102356,78.15187073,77.98471069,79.147,80.30919647,82.26470947,81.01461029,81.44965363,81.6953,81.94091797,80.705513,
"San Marino",,,,,,,,,,,,,,,,,,,,,,,,,,,,,,,,,,,,,,,,93.98557281,96.33174133,94.34250641,93.4928894,,,,
"Saint Thomas and Principe",,15.47486973,16.54231071,19.1582,21.774,24.3899,27.0058,29.62163925,30.2735,30.9253,31.5772,32.229,32.8809,33.5327,34.1846,34.8364,35.4882,36.1401,36.79193878,36.6504,36.5088,36.3672,36.2257,36.0841,35.9425,35.801,35.6594,35.5178,35.3763,35.2347,35.0931,34.9516,34.81,34.66843033,39.46520996,41.92111969,44.598,47.27487946,44.74787903,49.34651184,52.49296951,48.02954102,55.69208145,62.72217941,73.40576172,80.6645813,80.80435944
"Saudi Arabia",,,,,,,,,,34.37372971,36.4529,38.5321,40.6113,42.6905,44.7698,46.849,48.9282,51.0074,53.0866,55.1658,57.245,59.3242,61.4034,63.4826,65.5618,67.641,69.7202,71.7994,73.8786,75.9578,78.037,80.1162,82.1954,84.2746,86.3538,88.43305206,91.7826,95.1322,98.4818,101.8313522,106.0383,110.2453,114.4523,118.6592331,122.5884933,,
Senegal,,13.23169994,14.04580021,14.242,14.4383,14.6345,14.8308,15.027,15.22325039,14.32713985,14.52217007,15.22745037,15.86042023,16.39625931,16.3726902,16.71883011,17.99099922,18.2477,18.50437927,19.7908802,20.06550026,20.1102,20.15480042,19.691,19.2272,18.7635,18.29966927,18.12985039,17.86885071,18.59472084,19.18136024,19.35647964,20.81093979,22.0127,23.21455956,25.17556,26.92963028,30.0649,33.20022964,35.6111,38.02193069,41.86779022,43.947,46.0261,48.1053,50.18444061,
Serbia,,,,,,,,,,,,,,,,,,,,,,,,,,,,,,93.65377808,90.27237701,88.96395874,87.5222168,86.75956726,86.81771851,87.29096222,87.37233734,88.25834656,89.30683899,90.3443222,90.54485321,92.50971222,92.86222076,93.16687775,93.34008789,95.99813843,
Seychelles,23.26766014,25.00535965,28.2136898,29.43925095,34.65248871,31.4378109,27.06669044,32.4458,37.82484818,41.99649811,46.83829117,54.23728943,63.28982162,69.46443939,89.0225,108.5806122,111.3136902,115.7444687,116.4070435,113.1298065,112.3016,111.4734268,112.5030212,111.2163086,114.135231,112.9712296,113.4615402,106.5847,99.70789337,71.08789825,69.52397156,64.2423172,68.02182007,72.06884003,71.26120758,78.98673248,72.33370209,75.45774078,72.0177536,72.46457672,72.43930054,70.50655365,81.27015686,75.10365295,77.29202271,78.83368683,
"Sierra Leone",,14.79183006,15.63179016,16.87928963,17.67310905,18.16432953,18.48514938,19.35506058,19.77725983,21.0574,22.3374,23.6175,24.8976,26.1777,27.45780945,28.91711998,28.6237,28.3304,28.03698921,23.99217987,23.24007988,22.04655075,23.0263,24.006,24.9858,25.9655,26.9453,27.925,28.9048,29.8845,30.8642,31.84399033,33.7879,35.7319,37.6758,39.6198,41.5637,43.5077,45.4516,47.3956,49.3395,51.28348923,53.53411102,46.89051819,46.6818,46.4731102,
Slovakia,,,,,,,,,,,,,,,,,,,,,,,,85.68489838,86.15631104,87.04782867,89.68779755,90.32774353,83.39984131,83.87264252,85.10424805,85.78151703,87.86557007,90.14739227,92.42012024,93.28366089,92.68422699,92.29598999,91.58493805,91.44200897,92.19438934,92.88046265,93.19631958,91.14938354,91.51719666,92.12023926,
Slovenia,,,,,,,,,,,,,,,,,,,,,,,,86.85073853,87.33551788,88.83834839,88.96240234,90.57102203,91.44651794,98.13446808,99.36813354,105.6489792,107.4352036,109.5024414,97.37142944,97.42359924,97.00131226,98.52117157,98.28929138,97.83882904,98.30518341,98.48722076,98.23893738,111.0835114,110.8002472,,
"Solomon Islands",11.22239971,13.40954971,13.6527,13.8959,14.1391,14.38226032,15.1586,15.935,16.7114,17.4878,18.2642,19.0405,19.8169,20.5933,21.3697,22.1461,22.92244911,21.4539,19.9853,18.5167,17.0481205,19.15769958,19.38771057,21.17683983,21.68069077,23.19,24.6994,26.2087,27.718,29.22735977,22.96187973,27.08039093,35.01214981,34.4047,33.7972,33.18967056,38.33977127,39.09740067,43.4339,47.7704,52.10683823,50.01726913,49.76671982,,,,
Somalia,,5.33178997,6.066959858,6.982800007,7.943799973,8.7554,9.566960335,5.00924015,4.592860222,5.875070095,6.446849823,17.20875931,16.44977951,15.92920971,15.73560047,15.01793003,14.20681953,14.0096,13.8123,13.6151,13.4178,13.2206,13.0233,12.8261,12.6288,12.4316,12.2344,12.0371,11.8399,11.6426,11.4454,11.2481,11.0509,10.8536,10.6564,10.4591,10.2619,10.06464005,,,,,,,,,
"South Africa",,,,,,,,,,,,,,,,,,,,58.67411041,61.13687897,63.95199966,67.3137,70.6754,74.03707886,77.7008,81.3646,85.0284,88.69213104,88.05892181,85.32260132,84.74079895,84.40048981,83.65097809,84.12644958,84.33380127,86.1712265,87.31407166,85.42456055,85.28984833,84.38461304,84.40019989,84.11131287,86.0558,88.00019073,,
"South Sudan",,,,,,,,,,,,,,,,,,,,,,,,,,,,,,,,,,,,,,,,,,11.89389038,12.0075,12.1212,12.2348,12.34844971,
Spain,,63.57569885,59.89057159,62.73744965,65.47908783,67.6645813,72.35372925,75.28408051,76.96272278,84.00598145,83.34371948,84.43322754,88.09899139,87.45011139,87.20681,89.27352142,94.70108032,96.85202026,99.40823364,100.5353394,98.29904938,99.94483185,101.4224625,105.3454132,107.8407364,109.6036835,111.7614975,111.8253021,102.4826508,104.2210464,106.7887573,108.4900284,108.2089005,108.9979019,110.3474426,113.9176331,114.0302963,113.8769302,114.3576584,115.8215103,123.0477829,127.9308472,130.5827179,130.82901,129.9325256,129.9771576,
"Sri Lanka",,,,,,,46.42935944,47.4896,48.5498,49.61,50.6702,51.73035812,52.11777878,54.26071167,56.3574791,58.05041885,60.21902847,65.37113953,66.93089294,68.28648376,69.2024231,68.56463623,70.36688232,71.71762085,73.0717926,73.52783203,75.0483,76.5688,78.0892,79.6097,81.1301,82.6506,84.1711,85.6915,87.212,88.7324,90.2529,91.7734,93.2938,94.8143,96.33474731,98.15010834,97.37619781,97.49797058,,,
"Saint Kitts and Nevis",,,,,,,,,,,,,,,67.04000092,70.33074188,70.24819946,70.07174683,73.34519958,74.78868103,77.1261,79.4636,81.80106354,81.32530212,84.0417,86.758,89.4744,92.1908,94.9071,97.6235,100.3398514,89.86058044,86.70832825,80.84928894,79.01390839,84.10566711,94.2745,104.443428,99.53958893,95.06172943,97.89614868,92.73596954,76.877388,92.90483856,90.31456757,88.00164795,
"Saint Lucia",,,25.76828957,26.00296974,26.0698,26.1367,26.2035,26.27039909,25.6952,25.12,24.5449,23.96968079,26.38475037,28.0354805,27.27272987,28.89344025,31.74621964,33.14810181,35.222,37.2959,39.36978149,43.66891861,48.69268036,51.51353836,55.0405,58.5675,62.0944,65.62140656,64.2344,62.84738922,64.26000977,65.67163849,64.41314697,66.95004272,74.90454865,71.44335938,75.93038177,83.42214966,91.57453918,93.94860077,95.75650024,95.96276855,91.79335022,88.38903809,86.71337891,85.48448944,
"Saint Vincent and Grenadines",,19.98245049,21.30220985,23.1905,25.07888031,23.15909004,23.31748962,25.2199,27.1224,29.0248,30.9272,32.8297,34.73210907,33.7523,32.7723999,26.26655006,29.04071999,41.0242691,31.31785011,38.7477,46.1775,53.60734177,55.493,57.3787,59.2643,61.15,63.0356,64.9213,66.807,68.6926,70.57829285,77.86956024,82.81606293,82.22103882,90.69306946,79.55329895,88.7954,98.03742218,102.3024521,107.4444427,106.2593079,107.1669769,102.9146729,105.2889328,106.161232,107.8511581,
Sudan,,,,,,,,,,,,,,,,,,,,,,,,,,,,,,,,36.76667023,34.00297165,36.14445114,39.24636078,38.88462067,36.50492859,36.58150101,38.96387863,43.7911911,44.09341812,38.10390854,42.01673889,43.88751984,,,
Suriname,,33.03950882,32.77558136,35.07540131,38.04056931,39.31732178,41.15605927,45.26398087,46.37416077,46.45217896,47.8611,49.2701,50.679,52.088,53.4969,54.9058,56.31478882,53.49742126,51.45125961,51.92993164,50.44078827,54.04256821,57.9487915,49.57382965,51.4951,53.4164,55.3377,57.259,59.1803,61.1015,63.0228,64.94412231,58.95035934,59.2012,59.4521,59.70302963,62.42509079,63.59973907,66.82901764,67.21127319,69.85047913,66.30225372,67.26235199,68.26351166,66.59509277,71.68411255,
Swaziland,18.67085075,20.40698051,23.92841911,26.9018898,29.31352043,31.29439926,31.6574707,33.20251846,33.7956,34.3886,34.9816,35.5747,36.1677,36.7608,37.3538,37.9468,38.5399,39.1329,39.726,40.319,40.9121,41.5051,42.0981,42.6912,43.2842,43.8773,44.4703,45.0633,45.6563797,44.50592041,41.81195068,43.81304169,41.53982162,40.97026062,45.17417908,46.17245102,49.73984146,56.58391953,55.191,53.798069,57.98852158,60.75271988,62.48471832,63.56539917,66.24992371,,
Sweden,,86.73027802,78.34941864,86.80930328,82.23869324,82.35958862,74.75502777,74.93390656,76.81503296,81.68750763,81.99933624,83.38767242,81.59870148,81.51734161,80.91925049,80.26641083,83.7001,87.13375854,88.9606781,88.10391998,87.77572632,88.2303772,89.78977966,113.1774063,119.1441879,121.8631134,124.7037506,127.2273788,138.6829071,138.9100494,134.2745361,130.9493408,130.4063416,125.8691711,101.7592316,104.3371124,103.8632736,103.0012436,101.9091721,100.0777893,98.68937683,97.40128326,98.68170166,120.6442566,124.7521973,131.5379791,
Switzerland,,,,,,,,,98.54679871,98.73465729,99.16725159,99.38784027,99.03095245,98.95210266,99.43406677,99.07227325,98.50289154,97.97122955,97.91020966,97.85462952,98.76164246,99.60173798,101.0451126,103.0094604,104.8979034,104.5516434,103.7745285,101.6777,99.58097076,99.06732178,98.39994812,97.49645233,96.10713196,96.32698822,97.22383118,98.02603912,98.49803925,98.1135788,97.83045959,97.28801727,97.26186371,97.37725067,97.56611633,99.80722809,101.2523117,102.9546204,
Syria,,50.93996811,54.88722992,58.42298126,60.23558044,59.94422913,61.03351974,60.94855118,62.04441071,62.79270172,60.4220314,59.23667145,59.79761124,61.71762848,64.51746368,65.80117035,66.58110046,66.75961304,64.45343018,62.35205078,58.62479019,55.5795784,52.17258072,50.05609131,48.52251816,46.80084991,44.81631088,44.09135056,44.98241043,44.97348022,45.8082695,47.83805084,49.55150986,64.94806671,68.17723846,71.46755981,72.14382172,72.4765625,72.63423157,71.86383057,72.79120636,75.37109375,77.1592865,50.45640182,,,
Tajikistan,,,,,,,,,,,,,,,,,,,,,,,,,,,,,,79.46778107,78.78778076,81.71514893,84.7890625,86.99777985,87.35649872,87.73892975,88.9141922,89.43956757,88.76818848,88.68063354,90.190979,91.02172852,91.45749664,92.46469879,,,
Tanzania,3.796960115,3.880700111,3.89447999,3.964540005,4.259280205,4.227910042,4.174479961,4.361229897,4.410709858,4.42222023,4.2075,3.992710114,3.986479998,3.988199949,4.1401,4.291989803,4.444660187,4.694970131,5.038770199,5.263329983,5.6767,6.090089798,6.04489994,6.021689892,5.929739952,5.898799896,5.639520168,6.26075983,8.459,10.6572,12.8555,15.0537,17.252,19.4502,21.6484,23.8467,26.0449,28.2432,30.4414,32.6397,34.83789825,35.8065,36.77502823,33.68759155,,,
Thailand,,21.08109093,22.5427,24.00424957,25.98423958,26.83386993,28.40155983,30.02746964,30.06518936,29.8878,29.7103,29.5329,29.3555,29.1781,29.0006,28.8232,28.6458,28.4684,28.2909,28.1135,27.93608093,30.83182907,34.03710938,38.04924011,41.2308,44.4123,47.5939,50.7754,53.9569,57.1385,60.32,63.50156021,64.42810822,64.4954,64.56262207,69.60620117,69.34507751,74.51656342,75.5433197,78.0708313,81.19062042,85.00549316,84.81404114,83.15431976,125.4791183,132.6036835,
"Timor Leste",,,,,,,,,,,,,,,,,,,,,,,,,,,,,,,,,,,56.4566803,54.26689148,53.2294,52.1919,51.15441132,62.53767014,67.24172211,69.60964966,70.4402771,68.84375,70.31391144,74.08361816,
Togo,,10.81095982,12.59788036,14.27845955,16.66909027,21.07419968,27.04577065,33.72822952,38.8667717,44.37039948,48.1919899,46.6643,45.13655853,39.82286835,32.88098145,28.3822403,29.10251045,28.47835922,31.70282936,29.49918938,32.22589874,30.6812191,30.58554077,30.2525,29.91938019,32.73278046,34.97436142,35.47999954,38.9707,42.46149063,44.54217911,47.90724182,52.80870056,55.15645981,56.2864418,58.8553009,60.82262039,57.58866882,,,,,,,,,
Tonga,86.99227142,85.44674683,84.26760101,80.17304993,80.29177094,78.55709076,80.1769,81.7966,83.41638184,91.5292,99.642,107.7547989,109.7993393,101.3453,92.89135742,83.4680481,79.42368317,84.393,89.3624,94.3318,99.30114746,97.79013062,102.7498,107.7095184,103.9079,100.1063,96.3046,92.503,88.70137787,98.73757935,101.0450974,101.6444626,105.7241974,104.6419,103.5597,102.4774,101.3951492,121.1825409,102.525177,91.38049316,100.8827896,106.2314529,89.38085175,89.2435379,86.35162354,,
"Trinidad and Tobago",,42.48672867,43.59682083,41.67250061,44.9597,48.247,51.5342,54.82144928,58.9975,63.1736,67.3497,71.5257,75.70181274,77.78330994,80.29647064,80.76230621,81.9719,83.18144989,84.50650024,81.8661499,81.68731689,78.697258,78.67146301,78.53552246,78.906,79.2764,79.6468,80.0172,80.3877,80.7581,81.1285,81.4989,81.8694,82.2398,82.61022949,,,,,,,,,,,,
Tunisia,,32.1034317,31.91327095,30.57381058,29.39345932,28.21051025,27.24748993,27.44524956,29.15027046,30.41036034,31.30444908,31.87994003,35.25925064,39.34465027,41.77368927,43.65348816,46.67222977,45.68320084,46.83121109,50.24246979,50.4491806,50.33995056,50.47306061,52.7000885,56.47887039,59.68439865,62.74036026,63.59476089,68.0049,72.41503906,73.32315826,75.39246368,77.19376373,75.34644318,78.387,81.42752075,83.4535675,86.4277,89.40187073,87.8229599,87.55876923,90.04061127,,,,,
Turkey,,37.9715004,40.80175018,41.37599182,40.82773972,42.6469,44.46606827,47.16714859,49.78302002,49.45574188,51.87807083,51.1343,50.3905983,50.71757126,52.40090942,54.9726,57.54428101,58.98699951,60.96379089,63.14929962,63.25772858,64.80075073,66.1306076,69.74388885,70.75066376,74.20057678,73.4476,72.69464874,78.3737,84.05277252,84.25404358,95.94467163,101.3501968,103.3319168,97.26368713,91.01592255,94.94322205,97.06421661,93.6965332,83.52284241,87.8354187,92.0167923,87.32467651,101.8393021,103.8913422,103.8005981,
Turkmenistan,,,,,,,,,,,,,,,,,,,,,,,,,,,,,,,,,,,,,,,,,,,,,86.93266296,,
Tuvalu,,,,,,,,,,,,,,,,,,,,,,,,,,,,,,,,67.4450531,67.8147,68.1844,68.554,68.9237,69.2934,69.663,70.0327,70.4023,70.772,71.1417,71.5113,71.881,72.25064087,76.01522827,
Uganda,,,,,,5.749380112,6.657020092,6.781189919,6.845099926,6.920899868,7.2612,7.601510048,10.92249966,11.6322,12.342,13.0517,13.76148987,13.9425,14.1235,14.3044,14.48542023,13.6559,12.82643032,12.7198,12.61324024,12.3927,12.1722,11.95168018,13.3121,14.6725,16.0328,17.3932,18.7536,20.114,21.47439957,23.2981,25.1218,26.94549942,26.6193,26.293,25.9668,25.6406,25.3144,24.9881,24.6619,24.33567047,
Ukraine,,,,,,,,,,,,,,,,,,,,,,,,86.96946716,86.97743988,89.4975,92.0176,94.5376,97.0577,99.57775879,103.1721497,105.713089,105.7569427,106.6605835,102.7801895,100.628952,98.31720734,97.18084717,96.87496948,95.89868927,96.2230072,94.59487152,98.13250732,99.79540253,100.2025604,,
"United Arab Emirates",,,,22.41201019,17.55792046,20.79361916,31.47809029,31.63619995,31.81671906,37.61840057,45.80113983,55.45373154,56.94152069,60.71149063,66.1897583,69.03782654,69.98609161,58.37585068,54.4220314,54.14400864,56.36465073,61.39863968,64.25948334,68.95520782,75.83428955,81.11971283,79.021,76.92223358,76.67584991,,,,,,,,,,,,,,,,,,
"United Kingdom",,76.68302917,77.10407257,77.35328674,81.76148987,81.83792877,81.98722839,81.81578064,81.11274719,80.51637268,79.75356293,79.72258759,80.72386169,81.99755096,82.27735138,82.47910309,82.49221039,82.62242889,82.24355316,82.20292664,82.98487091,85.98500824,89.51847076,101.619812,103.207489,103.4076691,102.0865936,99.69217682,98.68018341,100.8695297,101.4498291,101.4002838,102.0586014,100.4112473,103.1979065,103.8761368,96.87272644,96.05432129,97.17131805,99.10762787,102.0960236,92.81504059,91.53909302,121.8379517,125.34021,,
"United States",,,107.9834595,104.122,100.2606,96.3992,92.5377,88.6763,84.81485748,85.803,86.7912,87.77935028,90.96765137,91.22635651,93.48182678,92.92707825,93.60205841,93.94400787,92.8199,91.6958,90.5717392,89.58692169,92.1797,94.7723999,96.15627289,93.7932663,94.22133636,93.5342,92.84712982,92.6732,92.49925232,93.17327881,93.50390625,94.6420517,94.19104767,94.36617279,95.18186188,95.36284637,95.85276794,94.46173859,93.50453949,94.12976074,94.40695953,95.50904083,96.70288086,,
Uruguay,54.19820023,55.62268829,58.32241821,59.46503067,58.7964,58.1278,57.4591,56.7905,56.12189102,54.91736984,56.1903,57.4632,58.7361,60.0091,61.282,62.5549,63.8278,65.1007,66.3737,67.6466,68.9195,70.1924,71.4653,72.7383,74.01117706,74.90348816,75.5501,76.1966,76.84320068,84.96337891,92.05692291,95.21230316,100.0100327,101.7210464,99.53196716,94.18450928,93.45179749,92.3604126,82.26364136,84.56458282,84.6102066,86.0406,87.4709,88.9013,90.33161926,,
Uzbekistan,,,,,,,,,,,,,,,,,,,,,,,,,,,,,,86.38285828,87.93202209,91.5426,95.1532,98.76373291,100.0699234,91.18245697,91.43785858,92.97364807,92.22969818,93.94574738,94.99327087,95.86454773,97.7109375,97.20024109,97.06755829,96.41589355,96.75511932
Vanuatu,6.279459953,6.763800144,7.51967001,8.237050056,9.483480453,9.917830467,11.59451962,13.27404976,13.92418003,13.9111,13.89793968,14.45063972,15.9505,17.45038033,17.707,17.9636,18.2202,18.4768,18.7334,18.99,19.2466,19.50322914,21.0926,22.6819,24.2713,25.8606,27.45,29.0393,30.6287,32.21800995,32.44287109,37.29565048,40.65010071,43.74084091,45.76280975,48.0681,50.3733,52.6785,54.9838,57.289,59.59428024,58.3463,57.0983,55.8503,54.6023,53.3543396,
Venezuela,,31.69710922,34.26253128,35.95856857,36.94869995,37.9754715,38.8518,39.7282,40.6045,41.4808,42.3572,43.2335,44.1099,44.9862,45.86252975,47.5295105,49.44538879,49.93952179,50.27671051,49.75046921,49.7815,49.81248093,50.47829819,50.62889099,50.6741,50.7194,50.7646,50.8099,50.8551,50.90036011,54.03890991,58.09946823,61.98419189,63.36101151,66.07588196,68.6051712,71.25507355,73.94320679,76.13722992,77.36395264,77.30477905,78.47368622,80.71977234,88.24105835,88.31703186,86.46018219,
Vietnam,,,,,,,35.32680893,38.26686859,39.3454,40.424,41.5025,42.5811,43.6596,44.7382,45.8168,46.8953,47.9739,49.0524,50.131,51.2095,52.2881,53.3667,54.4452,55.5238,56.6023,57.6809,58.7594,59.838,60.91654968,,,,,,,,,,,,,,,,,,
"West Bank and Gaza",,,,,,,,,,,,,,,,,,,,,,,,,,69.64968872,71.51555634,73.18325043,74.3649,75.54646301,76.64994812,77.6796875,80.13352203,82.84819031,86.68643951,87.67993927,88.38874054,87.66416168,85.83300781,84.7266922,82.42221069,79.8554306,79.38218689,78.83763885,78.46710205,79.18656921,
Yemen,,,,,,,,,,,,,,,,,,,,,,,,,,,,,,60.68611908,62.8517,65.01732635,64.5518,64.08634949,63.85881042,60.97216034,58.553,56.1339,53.71475983,53.4882,53.26161957,55.37358093,55.66793823,57.40409088,,,
Zambia,17.50274086,18.0539,18.60504913,18.6895,18.77400017,19.1729,19.5717,19.9706,20.3695,20.76832962,20.76545906,20.27882004,20.57825089,21.493,22.4078,23.3226,24.23736954,24.4779,24.7184906,,,,,,,,,,,,,,,,,,,,,,,,,,,,
Zimbabwe,8.93885994,9.10089016,9.94701004,10.04094982,10.00244045,10.13710976,10.13282967,10.06445026,9.500869751,8.200960159,12.7092,17.21747017,25.71713066,34.69223022,44.21255112,49.24769974,52.9378891,54.01826096,54.66083908,54.55371094,47.94989014,52.15895081,46.50883865,43.37142181,42.85208893,44.11528015,44.65819931,44.8908,45.1234,45.35606003,45.28506088,46.00437927,43.90351105,39.60762024,40.4747,41.3418,42.2089,43.076,43.9431,44.8102,45.6773,46.5444,47.4114418,48.06438828,,,
